[{"id":"user-image-snickers3-1.jpeg","fileName":"snickers3-1.jpeg","name":"snickers3-1","publicUrl":"https://assets.nicepagecdn.com/1d801a40/6113005/images/snickers3-1.jpeg","size":81748,"hash":"3ufmsAuBbs71xnELQxojwCz79Go=","width":876,"height":700,"folderId":null,"thumbnail":{"url":"https://assets.nicepagecdn.com/1d801a40/6113005/images/thumbnails/snickers3-1.jpeg","width":150,"height":120},"usages":[]},{"id":"user-image-pexels-photo-704951.jpeg","fileName":"pexels-photo-704951.jpeg","name":"pexels-photo-704951","publicUrl":"https://assets.nicepagecdn.com/1d801a40/6113005/images/pexels-photo-704951.jpeg","size":152400,"hash":"3hlSb6U7v3G9L7yuAl9MxyLxKZE=","width":864,"height":1080,"folderId":null,"thumbnail":{"url":"https://assets.nicepagecdn.com/1d801a40/6113005/images/thumbnails/pexels-photo-704951.jpeg","width":120,"height":150},"usages":[]},{"id":"user-image-pexels-photo-4198169.jpeg","fileName":"pexels-photo-4198169.jpeg","name":"pexels-photo-4198169","publicUrl":"https://assets.nicepagecdn.com/1d801a40/6113005/images/pexels-photo-4198169.jpeg","size":90674,"hash":"o7G69CuZ5uaspiVHOoQZsEYSr2Q=","width":1000,"height":1500,"folderId":null,"thumbnail":{"url":"https://assets.nicepagecdn.com/1d801a40/6113005/images/thumbnails/pexels-photo-4198169.jpeg","width":100,"height":150},"usages":[]},{"id":"user-image-pexels-photo-4193838.jpeg","fileName":"pexels-photo-4193838.jpeg","name":"pexels-photo-4193838","publicUrl":"https://assets.nicepagecdn.com/1d801a40/6113005/images/pexels-photo-4193838.jpeg","size":241654,"hash":"eo9ILCaDruTJfEhgXOSjd4PRNJ4=","width":1920,"height":1280,"folderId":null,"thumbnail":{"url":"https://assets.nicepagecdn.com/1d801a40/6113005/images/thumbnails/pexels-photo-4193838.jpeg","width":150,"height":100},"usages":[]},{"id":"user-image-pexels-photo-3872373.jpeg","fileName":"pexels-photo-3872373.jpeg","name":"pexels-photo-3872373","publicUrl":"https://assets.nicepagecdn.com/1d801a40/6113005/images/pexels-photo-3872373.jpeg","size":63412,"hash":"mhFPrtl3ZUHLyJQx1l3JaFdZT+A=","width":720,"height":1080,"folderId":null,"thumbnail":{"url":"https://assets.nicepagecdn.com/1d801a40/6113005/images/thumbnails/pexels-photo-3872373.jpeg","width":100,"height":150},"usages":[]},{"id":"user-image-pexels-photo-1640777.jpeg","fileName":"pexels-photo-1640777.jpeg","name":"pexels-photo-1640777","publicUrl":"https://assets.nicepagecdn.com/1d801a40/6113005/images/pexels-photo-1640777.jpeg","size":271094,"hash":"PX4V9bvHlP95IXTAHDlKf9fFqlE=","width":1620,"height":1080,"folderId":null,"thumbnail":{"url":"https://assets.nicepagecdn.com/1d801a40/6113005/images/thumbnails/pexels-photo-1640777.jpeg","width":150,"height":100},"usages":[]},{"id":"user-image-pexels-photo-1351238.jpeg","fileName":"pexels-photo-1351238.jpeg","name":"pexels-photo-1351238","publicUrl":"https://assets.nicepagecdn.com/1d801a40/6113005/images/pexels-photo-1351238.jpeg","size":178895,"hash":"98O8q78OCdpdfn68qb9sXWNRW54=","width":1620,"height":1080,"folderId":null,"thumbnail":{"url":"https://assets.nicepagecdn.com/1d801a40/6113005/images/thumbnails/pexels-photo-1351238.jpeg","width":150,"height":100},"usages":[]},{"id":"user-image-top.jpeg","fileName":"top.jpeg","name":"top","publicUrl":"https://assets.nicepagecdn.com/1d801a40/6113005/images/top.jpeg","size":795575,"hash":"RcZdxoNQofld2uG8qn4gIJKF3VA=","width":2504,"height":1668,"folderId":null,"thumbnail":{"url":"https://assets.nicepagecdn.com/1d801a40/6113005/images/thumbnails/top.jpeg","width":150,"height":100},"usages":["6113006"]},{"id":"user-image-joanna-kosinska-KobaWmv5z4M-unsplash1.jpg","fileName":"joanna-kosinska-KobaWmv5z4M-unsplash1.jpg","name":"joanna-kosinska-KobaWmv5z4M-unsplash1","publicUrl":"https://assets.nicepagecdn.com/1d801a40/6113005/images/joanna-kosinska-KobaWmv5z4M-unsplash1.jpg","size":146368,"hash":"LYa1TmTAb4eftddjet0swjrxCAk=","width":1920,"height":1282,"folderId":null,"thumbnail":{"url":"https://assets.nicepagecdn.com/1d801a40/6113005/images/thumbnails/joanna-kosinska-KobaWmv5z4M-unsplash1.jpg","width":150,"height":100},"usages":["1672211"]},{"id":"user-image-gummy.jpg","fileName":"gummy.jpg","name":"gummy","publicUrl":"https://assets.nicepagecdn.com/1d801a40/6113005/images/gummy.jpg","size":245399,"hash":"T0q7hiEJfCvKZt8+FC7DUSo0VuM=","width":1000,"height":1000,"folderId":null,"thumbnail":{"url":"https://assets.nicepagecdn.com/1d801a40/6113005/images/thumbnails/gummy.jpg","width":150,"height":150},"usages":["1672211","6113006"]},{"id":"user-image-pocky.jpg","fileName":"pocky.jpg","name":"pocky","publicUrl":"https://assets.nicepagecdn.com/1d801a40/6113005/images/pocky.jpg","size":38018,"hash":"Ska/ddbkUUEmP2mTfYT+oLcuX9s=","width":539,"height":360,"folderId":null,"thumbnail":{"url":"https://assets.nicepagecdn.com/1d801a40/6113005/images/thumbnails/pocky.jpg","width":150,"height":100},"usages":["1672211","6113006"]},{"id":"user-image-ferrero-1.jpg","fileName":"ferrero-1.jpg","name":"ferrero-1","publicUrl":"https://assets.nicepagecdn.com/1d801a40/6113005/images/ferrero-1.jpg","size":127539,"hash":"u4ugn1TuskI3XcgC53nKq/9NQPk=","width":900,"height":900,"folderId":null,"thumbnail":{"url":"https://assets.nicepagecdn.com/1d801a40/6113005/images/thumbnails/ferrero-1.jpg","width":150,"height":150},"usages":["1672211"]},{"id":"user-image-ferrero.jpg","fileName":"ferrero.jpg","name":"ferrero","publicUrl":"https://assets.nicepagecdn.com/1d801a40/6113005/images/ferrero.jpg","size":28468,"hash":"bDhlNQL+2c1wxwWfLcwzRXjrkio=","width":438,"height":438,"folderId":null,"thumbnail":{"url":"https://assets.nicepagecdn.com/1d801a40/6113005/images/thumbnails/ferrero.jpg","width":150,"height":150},"usages":["6113006"]},{"id":"user-image-raffaello.jpg","fileName":"raffaello.jpg","name":"raffaello","publicUrl":"https://assets.nicepagecdn.com/1d801a40/6113005/images/raffaello.jpg","size":79863,"hash":"U+vKDfQddbMHRvm3hAVeuYsjrT4=","width":600,"height":600,"folderId":null,"thumbnail":{"url":"https://assets.nicepagecdn.com/1d801a40/6113005/images/thumbnails/raffaello.jpg","width":150,"height":150},"usages":["1672211","6113006"]},{"id":"user-image-snickers3.jpg","fileName":"snickers3.jpg","name":"snickers3","publicUrl":"https://assets.nicepagecdn.com/1d801a40/6113005/images/snickers3.jpg","size":10645,"hash":"orPrYF6vjYZUrjuPTEmUzn+l8EA=","width":219,"height":175,"folderId":null,"thumbnail":{"url":"https://assets.nicepagecdn.com/1d801a40/6113005/images/thumbnails/snickers3.jpg","width":150,"height":120},"usages":[]},{"id":"user-image-snickers2.jpg","fileName":"snickers2.jpg","name":"snickers2","publicUrl":"https://assets.nicepagecdn.com/1d801a40/6113005/images/snickers2.jpg","size":8017,"hash":"RB2ubJTdl8SI7MxUcFZJhyVe95s=","width":225,"height":225,"folderId":null,"thumbnail":{"url":"https://assets.nicepagecdn.com/1d801a40/6113005/images/thumbnails/snickers2.jpg","width":150,"height":150},"usages":["1672211"]},{"id":"user-image-snickers-1.jpg","fileName":"snickers-1.jpg","name":"snickers-1","publicUrl":"https://assets.nicepagecdn.com/1d801a40/6113005/images/snickers-1.jpg","size":80232,"hash":"VqeHnKvYNpVgA4X3nLuGP8enWfA=","width":894,"height":679,"folderId":null,"thumbnail":{"url":"https://assets.nicepagecdn.com/1d801a40/6113005/images/thumbnails/snickers-1.jpg","width":150,"height":114},"usages":[]},{"id":"user-image-snickers.jpg","fileName":"snickers.jpg","name":"snickers","publicUrl":"https://assets.nicepagecdn.com/1d801a40/6113005/images/snickers.jpg","size":72268,"hash":"gBKMR4ah8C+aqKCYwxnKdUFnjNA=","width":894,"height":894,"folderId":null,"thumbnail":{"url":"https://assets.nicepagecdn.com/1d801a40/6113005/images/thumbnails/snickers.jpg","width":150,"height":150},"usages":["6113006"]},{"id":"user-image-dairymilk.jpg","fileName":"dairymilk.jpg","name":"dairymilk","publicUrl":"https://assets.nicepagecdn.com/1d801a40/6113005/images/dairymilk.jpg","size":14258,"hash":"28sL2v6aRCw7XJ/cRrlSCHFbHHQ=","width":183,"height":275,"folderId":null,"thumbnail":{"url":"https://assets.nicepagecdn.com/1d801a40/6113005/images/thumbnails/dairymilk.jpg","width":100,"height":150},"usages":["1672211","6113006"]},{"id":"user-image-jar.jpg","fileName":"jar.jpg","name":"jar","publicUrl":"https://assets.nicepagecdn.com/1d801a40/6113005/images/jar.jpg","size":38271,"hash":"SFjOWGLLjQOicB1xUYdqyAOtXYc=","width":612,"height":408,"folderId":null,"thumbnail":{"url":"https://assets.nicepagecdn.com/1d801a40/6113005/images/thumbnails/jar.jpg","width":150,"height":100},"usages":["481224453"]},{"id":"user-image-back-sweet.png","fileName":"back-sweet.png","name":"back-sweet","publicUrl":"https://assets.nicepagecdn.com/1d801a40/6113005/images/back-sweet.png","size":573143,"hash":"0Ub2fBDfwXoCsZosNR2uTlD/c6k=","width":424,"height":589,"folderId":null,"thumbnail":{"url":"https://assets.nicepagecdn.com/1d801a40/6113005/images/thumbnails/back-sweet.png","width":108,"height":150},"usages":[]},{"id":"user-image-sweet.png","fileName":"sweet.png","name":"sweet","publicUrl":"https://assets.nicepagecdn.com/1d801a40/6113005/images/sweet.png","size":217298,"hash":"bFzI9lHmXPZnz3PCDubY76J7BBI=","width":481,"height":519,"folderId":null,"thumbnail":{"url":"https://assets.nicepagecdn.com/1d801a40/6113005/images/thumbnails/sweet.png","width":139,"height":150},"usages":["6113006"]},{"id":"user-image-sweet-cart.png","fileName":"sweet-cart.png","name":"sweet-cart","publicUrl":"https://assets.nicepagecdn.com/1d801a40/6113005/images/sweet-cart.png","size":92524,"hash":"+1F1PI9e0dubJXcLsIgHFIIa4CM=","width":500,"height":500,"folderId":null,"thumbnail":{"url":"https://assets.nicepagecdn.com/1d801a40/6113005/images/thumbnails/sweet-cart.png","width":150,"height":150},"usages":[]},{"id":"user-image-dc2fa9d2dc6bd56093fcc1fff298c370852bbfa2a13794443f540fa6dd8e4ee73a05f48017c6a6f1a6e89639ec4b381daf7712abca0a9ca535707d_1280.png","fileName":"dc2fa9d2dc6bd56093fcc1fff298c370852bbfa2a13794443f540fa6dd8e4ee73a05f48017c6a6f1a6e89639ec4b381daf7712abca0a9ca535707d_1280.png","name":"dc2fa9d2dc6bd56093fcc1fff298c370852bbfa2a13794443f540fa6dd8e4ee73a05f48017c6a6f1a6e89639ec4b381daf7712abca0a9ca535707d_1280","publicUrl":"https://assets.nicepagecdn.com/1d801a40/6113005/images/dc2fa9d2dc6bd56093fcc1fff298c370852bbfa2a13794443f540fa6dd8e4ee73a05f48017c6a6f1a6e89639ec4b381daf7712abca0a9ca535707d_1280.png","size":198358,"hash":"yU9EGmNgW/90wvCjFpBAiOpX3jY=","width":1218,"height":1280,"folderId":null,"thumbnail":{"url":"https://assets.nicepagecdn.com/1d801a40/6113005/images/thumbnails/dc2fa9d2dc6bd56093fcc1fff298c370852bbfa2a13794443f540fa6dd8e4ee73a05f48017c6a6f1a6e89639ec4b381daf7712abca0a9ca535707d_1280.png","width":143,"height":150},"usages":[]},{"id":"user-image-55bf6225-c53e-4eef-a797-426c80af09a8.jpg","fileName":"55bf6225-c53e-4eef-a797-426c80af09a8.jpg","name":"55bf6225-c53e-4eef-a797-426c80af09a8","publicUrl":"https://assets.nicepagecdn.com/1d801a40/6113005/images/55bf6225-c53e-4eef-a797-426c80af09a8.jpg","size":116173,"hash":"IUDWOWcBvyojh9YwwLTb0VOJD5o=","width":1000,"height":833,"folderId":null,"thumbnail":{"url":"https://assets.nicepagecdn.com/1d801a40/6113005/images/thumbnails/55bf6225-c53e-4eef-a797-426c80af09a8.jpg","width":150,"height":125},"usages":[]},{"id":"user-image-yty.jpg","fileName":"yty.jpg","name":"yty","publicUrl":"https://assets.nicepagecdn.com/1d801a40/6113005/images/yty.jpg","size":290424,"hash":"iopSsdNajbkJIyPAzefSYBPBIUM=","width":800,"height":604,"folderId":null,"thumbnail":{"url":"https://assets.nicepagecdn.com/1d801a40/6113005/images/thumbnails/yty.jpg","width":150,"height":113},"usages":["6113006"]},{"id":"user-image-rtrtrt.jpg","fileName":"rtrtrt.jpg","name":"rtrtrt","publicUrl":"https://assets.nicepagecdn.com/1d801a40/6113005/images/rtrtrt.jpg","size":110454,"hash":"JqN8VxlTE90NiX2Fcw/qE3OpQNU=","width":600,"height":600,"folderId":null,"thumbnail":{"url":"https://assets.nicepagecdn.com/1d801a40/6113005/images/thumbnails/rtrtrt.jpg","width":150,"height":150},"usages":["6113006"]},{"id":"user-image-b1182e8f-cee4-f571-00ff-b553b7f96898.jpg","fileName":"b1182e8f-cee4-f571-00ff-b553b7f96898.jpg","name":"b1182e8f-cee4-f571-00ff-b553b7f96898","publicUrl":"https://assets.nicepagecdn.com/1d801a40/6113005/images/b1182e8f-cee4-f571-00ff-b553b7f96898.jpg","size":163153,"hash":"y1HaMEY6OmS7vW40yLWT6JZh1so=","width":1380,"height":920,"folderId":null,"thumbnail":{"url":"https://assets.nicepagecdn.com/1d801a40/6113005/images/thumbnails/b1182e8f-cee4-f571-00ff-b553b7f96898.jpg","width":150,"height":100},"usages":["6113006","2243421985","1680419518"]},{"id":"user-image-f68095fe76d2f923bd9350638fe4fc3f7036b563996ddacce6d93212233c71c9e92f3d2aedf1e32901bd5724d73d555b93711bf4642f48396b74f2_1280.jpg","fileName":"f68095fe76d2f923bd9350638fe4fc3f7036b563996ddacce6d93212233c71c9e92f3d2aedf1e32901bd5724d73d555b93711bf4642f48396b74f2_1280.jpg","name":"f68095fe76d2f923bd9350638fe4fc3f7036b563996ddacce6d93212233c71c9e92f3d2aedf1e32901bd5724d73d555b93711bf4642f48396b74f2_1280","publicUrl":"https://assets.nicepagecdn.com/1d801a40/6113005/images/f68095fe76d2f923bd9350638fe4fc3f7036b563996ddacce6d93212233c71c9e92f3d2aedf1e32901bd5724d73d555b93711bf4642f48396b74f2_1280.jpg","size":198249,"hash":"K4GDP9rjkB0XsvY/pv9XKkK4as8=","width":1280,"height":853,"folderId":null,"thumbnail":{"url":"https://assets.nicepagecdn.com/1d801a40/6113005/images/thumbnails/f68095fe76d2f923bd9350638fe4fc3f7036b563996ddacce6d93212233c71c9e92f3d2aedf1e32901bd5724d73d555b93711bf4642f48396b74f2_1280.jpg","width":150,"height":100},"usages":[]},{"id":"user-image-ab2abbf138da8ae88349e9ebb768b4a0fbce7bd5361bd37608e0eae9c39c6d63066b761f5d83a2359b7e18000ff5f2767f4eefa2c110d13527d6db_1280.jpg","fileName":"ab2abbf138da8ae88349e9ebb768b4a0fbce7bd5361bd37608e0eae9c39c6d63066b761f5d83a2359b7e18000ff5f2767f4eefa2c110d13527d6db_1280.jpg","name":"ab2abbf138da8ae88349e9ebb768b4a0fbce7bd5361bd37608e0eae9c39c6d63066b761f5d83a2359b7e18000ff5f2767f4eefa2c110d13527d6db_1280","publicUrl":"https://assets.nicepagecdn.com/1d801a40/6113005/images/ab2abbf138da8ae88349e9ebb768b4a0fbce7bd5361bd37608e0eae9c39c6d63066b761f5d83a2359b7e18000ff5f2767f4eefa2c110d13527d6db_1280.jpg","size":103099,"hash":"a16jYP1pER5qbIYc0QHMewqCmq4=","width":1280,"height":853,"folderId":null,"thumbnail":{"url":"https://assets.nicepagecdn.com/1d801a40/6113005/images/thumbnails/ab2abbf138da8ae88349e9ebb768b4a0fbce7bd5361bd37608e0eae9c39c6d63066b761f5d83a2359b7e18000ff5f2767f4eefa2c110d13527d6db_1280.jpg","width":150,"height":100},"usages":[]}]