[{"id":6113006,"title":"Home","order":0,"templateKey":null,"customTemplate":false,"customTemplateFilename":null,"pageLinks":["1672211"],"dateCreated":"2023-12-24T10:43:54.867","dateUpdated":"2023-12-27T16:47:45.500Z","folderId":null,"pageName":"Home_6113006","serverPageId":null,"sectionCount":4,"status":2,"backwardUrl":null},{"id":309622650,"title":"Blog Template","order":1,"templateKey":"blog","customTemplate":false,"customTemplateFilename":null,"pageLinks":[],"dateCreated":"2023-12-24T10:44:56.663Z","dateUpdated":"2023-12-24T10:44:57.875Z","folderId":null,"pageName":"Blog Template","serverPageId":null,"sectionCount":1,"status":2,"backwardUrl":null},{"id":311114051,"title":"Post Template","order":2,"templateKey":"post","customTemplate":false,"customTemplateFilename":null,"pageLinks":[],"dateCreated":"2023-12-24T10:44:56.891Z","dateUpdated":"2023-12-24T10:44:57.904Z","folderId":null,"pageName":"Post Template","serverPageId":null,"sectionCount":1,"status":2,"backwardUrl":null},{"id":2002255,"title":"Product List Template","order":3,"templateKey":"products","customTemplate":false,"customTemplateFilename":null,"pageLinks":[],"dateCreated":"2023-12-24T10:44:57.056Z","dateUpdated":"2023-12-24T10:44:57.907Z","folderId":null,"pageName":"Product List Template","serverPageId":null,"sectionCount":1,"status":2,"backwardUrl":null},{"id":26697988,"title":"Product Details Template","order":4,"templateKey":"product","customTemplate":false,"customTemplateFilename":null,"pageLinks":[],"dateCreated":"2023-12-24T10:44:57.252Z","dateUpdated":"2023-12-24T10:44:57.907Z","folderId":null,"pageName":"Product Details Template","serverPageId":null,"sectionCount":1,"status":2,"backwardUrl":null},{"id":2944213013,"title":"Shopping Cart Template","order":5,"templateKey":"cart","customTemplate":false,"customTemplateFilename":null,"pageLinks":[],"dateCreated":"2023-12-24T10:44:57.394Z","dateUpdated":"2023-12-24T10:44:57.908Z","folderId":null,"pageName":"Shopping Cart Template","serverPageId":null,"sectionCount":1,"status":2,"backwardUrl":null},{"id":2243421985,"title":"Login Template","order":7,"templateKey":"login","customTemplate":false,"customTemplateFilename":null,"pageLinks":[],"dateCreated":"2023-12-24T10:44:57.572Z","dateUpdated":"2023-12-30T05:13:26.977Z","folderId":null,"pageName":"Login Template","serverPageId":null,"sectionCount":3,"status":2,"backwardUrl":null},{"id":57811402,"title":"Password Template","order":8,"templateKey":"password","customTemplate":false,"customTemplateFilename":null,"pageLinks":[],"dateCreated":"2023-12-24T10:44:57.655Z","dateUpdated":"2023-12-24T10:44:57.910Z","folderId":null,"pageName":"Password Template","serverPageId":null,"sectionCount":1,"status":2,"backwardUrl":null},{"id":91429793,"title":"404 Not Found Template","order":9,"templateKey":"404","customTemplate":false,"customTemplateFilename":null,"pageLinks":[],"dateCreated":"2023-12-24T10:44:57.733Z","dateUpdated":"2023-12-24T10:44:57.912Z","folderId":null,"pageName":"404 Not Found Template","serverPageId":null,"sectionCount":1,"status":2,"backwardUrl":null},{"id":79064347,"title":"Thank You Template","order":10,"templateKey":"ThankYou","customTemplate":false,"customTemplateFilename":null,"pageLinks":[],"dateCreated":"2023-12-24T10:44:57.801Z","dateUpdated":"2023-12-24T10:44:57.913Z","folderId":null,"pageName":"Thank You Template","serverPageId":null,"sectionCount":1,"status":2,"backwardUrl":null},{"id":481224453,"title":"contact","order":11,"templateKey":null,"customTemplate":false,"customTemplateFilename":null,"pageLinks":[],"dateCreated":"2023-12-24T10:49:44.480Z","dateUpdated":"2023-12-26T11:19:14.807Z","folderId":null,"pageName":"contact_481224453","serverPageId":null,"sectionCount":3,"status":2,"backwardUrl":null},{"id":1680419518,"title":"login","order":13,"templateKey":null,"customTemplate":false,"customTemplateFilename":null,"pageLinks":[],"dateCreated":"2023-12-26T05:57:44.865Z","dateUpdated":"2023-12-30T05:11:14.786Z","folderId":null,"pageName":"login_1680419518","serverPageId":null,"sectionCount":2,"status":2,"backwardUrl":null},{"id":1672211,"title":"Our Product","order":14,"templateKey":null,"customTemplate":false,"customTemplateFilename":null,"pageLinks":[],"dateCreated":"2023-12-26T08:09:32.650Z","dateUpdated":"2023-12-27T06:44:50.099Z","folderId":null,"pageName":"Our Product_1672211","serverPageId":null,"sectionCount":4,"status":2,"backwardUrl":null}]