{"subDomain":"website6113005","dateUpdated":"2023-12-30T05:13:32.397","storagePath":"1d801a40","title":"WebSite6113005","settings":"{\"id\":0,\"colorScheme\":{\"bodyColors\":[\"#111111\",\"#ffffff\"],\"bgColor\":\"#ffffff\",\"colors\":[\"#478ac9\",\"#e95b19\",\"#724f4a\",\"#f7b71e\",\"#a79f94\"],\"customColors\":[{\"color\":\"#f5d654\",\"status\":0,\"transparency\":1,\"index\":0},{\"color\":\"#f1c50e\",\"status\":0,\"transparency\":1,\"index\":1},{\"color\":\"#f1a910\",\"status\":0,\"transparency\":1,\"index\":2},{\"color\":\"#c9c747\",\"status\":0,\"transparency\":1,\"index\":3},{\"color\":\"#8c6106\",\"status\":0,\"transparency\":1,\"index\":4}],\"shadingContrast\":\"body-alt-color\",\"whiteContrast\":\"body-color\",\"bgContrast\":\"body-color\",\"name\":\"u13\"},\"fontScheme\":{\"name\":\"custom-font-family-3\",\"fonts\":{\"heading\":\"Raleway, sans-serif\",\"text\":\"Open Sans, sans-serif\",\"accent\":\"Arial, sans-serif\",\"headingTitle\":\"Raleway\",\"textTitle\":\"Open Sans\",\"rank\":10}},\"typography\":{\"name\":\"custom-page-typography-1\",\"title\":{\"font-size\":4.5,\"line-height\":\"1_1\",\"margin-top\":20,\"margin-bottom\":20,\"SM\":{\"font-size\":3.75},\"XS\":{\"font-size\":3},\"font-weight\":\"800\"},\"subtitle\":{\"font-size\":2.25,\"line-height\":\"1_1\",\"margin-top\":20,\"margin-bottom\":20,\"XS\":{\"font-size\":1.5},\"font-weight\":\"800\"},\"h1\":{\"font-size\":3.75,\"line-height\":\"1_1\",\"margin-top\":20,\"margin-bottom\":20,\"XS\":{\"font-size\":1.875},\"font-weight\":\"800\",\"SM\":{\"font-size\":3}},\"h2\":{\"font-size\":2.8125,\"line-height\":\"1_1\",\"margin-top\":20,\"margin-bottom\":20,\"XS\":{\"font-size\":1.625},\"font-weight\":800,\"font-style\":\"\",\"text-decoration\":\"\",\"text-transform\":\"\",\"letter-spacing\":\"\",\"text-color\":\"\",\"border-color\":\"\",\"border-style\":\"\",\"color\":\"\",\"border\":\"\",\"button-shape\":\"\",\"border-radius\":\"\",\"underline\":\"\",\"gradient\":\"\",\"list-icon-src\":\"\",\"list-icon-spacing\":\"0.3\",\"list-icon-size\":\"0.8\",\"font\":\"\"},\"h3\":{\"font-size\":1.875,\"line-height\":\"1_2\",\"margin-top\":20,\"margin-bottom\":20,\"XS\":{\"font-size\":1.5},\"font-weight\":\"800\"},\"h4\":{\"font-size\":1.5,\"line-height\":\"1_2\",\"margin-top\":20,\"margin-bottom\":20,\"font-weight\":\"800\"},\"h5\":{\"font-size\":1.25,\"line-height\":\"1_2\",\"margin-top\":20,\"margin-bottom\":20,\"font-weight\":\"800\"},\"h6\":{\"font-size\":1.125,\"line-height\":\"1_2\",\"margin-top\":20,\"margin-bottom\":20,\"font-weight\":600,\"font-style\":\"\",\"text-decoration\":\"\",\"text-transform\":\"\",\"letter-spacing\":\"\",\"text-color\":\"\",\"border-color\":\"\",\"border-style\":\"\",\"color\":\"\",\"border\":\"\",\"button-shape\":\"\",\"border-radius\":\"\",\"underline\":\"\",\"gradient\":\"\",\"list-icon-src\":\"\",\"list-icon-spacing\":\"0.3\",\"list-icon-size\":\"0.8\",\"font\":\"\"},\"largeText\":{\"font-size\":1.25,\"margin-top\":20,\"margin-bottom\":20},\"smallText\":{\"font-size\":0.875,\"margin-top\":20,\"margin-bottom\":20},\"text\":{\"margin-top\":20,\"margin-bottom\":20},\"hyperlink\":{\"text-color\":\"palette-1-base\"},\"link\":{},\"button\":{\"color\":\"\",\"margin-top\":20,\"margin-bottom\":20,\"font-size\":0,\"font-weight\":\"\",\"font-style\":\"\",\"text-decoration\":\"\",\"text-transform\":\"\",\"line-height\":1.4,\"letter-spacing\":\"\",\"text-color\":\"body-alt-color\",\"border-color\":\"white\",\"border-style\":\"solid\",\"border\":2,\"button-shape\":\"\",\"border-radius\":\"\",\"underline\":\"\",\"gradient\":\"\",\"list-icon-src\":\"\",\"list-icon-spacing\":\"0.3\",\"list-icon-size\":\"0.8\",\"font\":\"\"},\"blockquote\":{\"font-style\":\"italic\",\"indent\":20,\"border\":4,\"border-color\":\"palette-1-base\",\"margin-top\":20,\"margin-bottom\":20},\"metadata\":{\"margin-top\":20,\"margin-bottom\":20},\"list\":{\"margin-top\":20,\"margin-bottom\":20},\"orderedlist\":{\"margin-top\":20,\"margin-bottom\":20},\"postContent\":{\"margin-top\":20,\"margin-bottom\":20},\"theme\":{\"gradient\":\"\",\"image\":\"\",\"sheet-width-xl\":1140,\"sheet-width-lg\":940,\"sheet-width-md\":720,\"sheet-width-sm\":540,\"sheet-width-xs\":340},\"htmlBaseSize\":16,\"form-input\":{\"border\":1,\"border-color\":\"grey-30\",\"borders\":\"top right bottom left\",\"color\":\"white\",\"text-color\":\"black\"}},\"homePageId\":6113006,\"backToTop\":\"<span style=\\\"height: 64px; width: 64px; margin-left: 0px; margin-right: auto; margin-top: 0px; background-image: none; right: 20px; bottom: 20px; padding: 15px\\\" class=\\\"u-back-to-top u-icon u-icon-circle u-opacity u-opacity-85 u-palette-1-base u-spacing-15\\\" data-href=\\\"#\\\">\\n        <svg class=\\\"u-svg-link\\\" preserveAspectRatio=\\\"xMidYMin slice\\\" viewBox=\\\"0 0 551.13 551.13\\\">\\n            <use xmlns:xlink=\\\"http://www.w3.org/1999/xlink\\\" xlink:href=\\\"#svg-1d98\\\"></use>\\n        </svg>\\n        <svg class=\\\"u-svg-content\\\" enable-background=\\\"new 0 0 551.13 551.13\\\" viewBox=\\\"0 0 551.13 551.13\\\" xmlns=\\\"http://www.w3.org/2000/svg\\\" id=\\\"svg-1d98\\\">\\n            <path d=\\\"m275.565 189.451 223.897 223.897h51.668l-275.565-275.565-275.565 275.565h51.668z\\\"></path>\\n        </svg>\\n    </span>\",\"payment\":{\"services\":{}},\"dialog\":[{\"id\":\"1\",\"name\":\"Payment Popup\",\"type\":\"payment\",\"sectionAnchorId\":\"sec-9c37\",\"html\":\"<section class=\\\"u-black u-clearfix u-container-style u-dialog-block u-dialog-open u-opacity u-opacity-70 u-payment-dialog u-valign-middle u-block-93df-1\\\" style=\\\"\\\" data-id=\\\"93df\\\" data-posts-content=\\\"[{'images':[],'maps':[],'videos':[],'icons':[{}],'textWidth':'','textHeight':'','id':1,'groupId':1,'headingProp':'h5','textProp':'text'},{'images':[],'maps':[],'videos':[],'icons':[],'textWidth':'','textHeight':'','id':2,'groupId':1,'headingProp':'h5','textProp':'text'}]\\\" custom-posts-hash=\\\"[T,T,T]\\\" data-style=\\\"payment-dialog\\\" id=\\\"sec-9c37\\\" data-source=\\\"Sketch\\\">\\n  <div style=\\\"width: 570px; min-height: 578px; height: auto; box-shadow: 0px 0px 8px 0px rgba(var(--black-r),var(--black-g),var(--black-b),0.2); margin-top: 60px; margin-bottom: 60px; margin-left: auto; margin-right: auto\\\" class=\\\"u-align-center u-container-style u-dialog u-radius-25 u-shape-round u-white u-block-93df-2\\\">\\n    <div class=\\\"u-container-layout u-valign-top u-block-93df-3\\\" style=\\\"padding-top: 34px; padding-bottom: 34px; padding-left: 35px; padding-right: 35px\\\">\\n      <h5 class=\\\"u-align-left u-text u-block-93df-26\\\" style=\\\"font-weight: 700; margin-top: 0px; margin-right: 165.016px; margin-bottom: 0px; margin-left: 0px\\\">Buy Now</h5>\\n      <div class=\\\"u-expanded-width u-products u-block-93df-5\\\" style=\\\"margin-top: 30px; margin-bottom: 0px\\\" data-site-sorting-prop=\\\"created\\\" data-site-sorting-order=\\\"desc\\\">\\n        <div class=\\\"u-list-control\\\"></div>\\n        <div class=\\\"u-repeater u-block-93df-6\\\" style=\\\"grid-template-columns: 100%; min-height: 206px; grid-gap: 10px\\\">\\n          <div class=\\\"u-container-style u-products-item u-repeater-item u-block-93df-7\\\" style=\\\"\\\">\\n            <div class=\\\"u-container-layout u-similar-container u-block-93df-8\\\" style=\\\"padding-top: 0px; padding-left: 0px; padding-right: 0px; padding-bottom: 30px\\\">\\n              <h5 class=\\\"u-align-left u-product-control u-text u-block-93df-27\\\" style=\\\"background-image: none; margin-top: 0px; margin-bottom: 0px; margin-left: 0px; margin-right: 0px\\\">\\n                <a class=\\\"u-product-title-link\\\" href=\\\"#\\\">Product 1 Title</a>\\n              </h5>\\n              <div class=\\\"u-align-left u-product-control u-product-desc u-text u-block-93df-29\\\" style=\\\"font-size: 0.875rem; margin-top: 20px; margin-left: 0px; margin-right: 0px; margin-bottom: 0px\\\">\\n                <p>Sample text. Lorem ipsum dolor sit amet, consectetur adipiscing elit nullam nunc justo sagittis suscipit ultrices.</p>\\n              </div>\\n              <div class=\\\"u-align-left u-product-control u-product-quantity u-block-93df-35\\\" style=\\\"width: 125px; margin-top: 30px; margin-right: auto; margin-bottom: 0px; margin-left: 0px\\\">\\n                <div class=\\\"u-hidden u-quantity-label\\\">Quantity</div>\\n                <div class=\\\"u-border-1 u-border-grey-30 u-quantity-input u-radius-50\\\">\\n                  <a class=\\\"disabled minus u-button-style u-quantity-button u-text-body-color\\\">\\n                    <svg xmlns=\\\"http://www.w3.org/2000/svg\\\" viewBox=\\\"0 0 16 16\\\"><path d=\\\"m 4 8 h 8\\\" fill=\\\"none\\\" stroke=\\\"currentColor\\\" stroke-width=\\\"1\\\" fill-rule=\\\"evenodd\\\"></path></svg>\\n                  </a>\\n                  <input class=\\\"u-input u-block-93df-36\\\" type=\\\"text\\\" value=\\\"1\\\" pattern=\\\"[0-9]+\\\" style=\\\"\\\">\\n                  <a class=\\\"plus u-button-style u-quantity-button u-text-body-color\\\">\\n                    <svg xmlns=\\\"http://www.w3.org/2000/svg\\\" viewBox=\\\"0 0 16 16\\\"><path d=\\\"m 4 8 h 8 M 8 4 v 8\\\" fill=\\\"none\\\" stroke=\\\"currentColor\\\" stroke-width=\\\"1\\\" fill-rule=\\\"evenodd\\\"></path></svg>\\n                  </a>\\n                </div>\\n              </div>\\n              <div data-add-zero-cents=\\\"true\\\" class=\\\"u-align-left u-product-control u-product-price u-block-93df-12\\\" style=\\\"margin-top: -34px; margin-right: 0px; margin-bottom: 0px; margin-left: auto\\\">\\n                <div class=\\\"u-price-wrapper u-spacing-10\\\">\\n                  <div class=\\\"u-old-price\\\" style=\\\"text-decoration: line-through !important;\\\">$20</div>\\n                  <div class=\\\"u-price\\\" style=\\\"font-size: 1.25rem; font-weight: 700;\\\">$17</div>\\n                </div>\\n              </div>\\n            </div>\\n          </div>\\n        </div>\\n        <div class=\\\"u-list-control\\\"></div>\\n      </div>\\n      <div class=\\\"u-expanded-width u-payment-services u-tab-links-align-justify u-tab-payment u-tab-vertical u-tabs u-block-93df-38\\\" data-payment-order-approved-message=\\\"Your order has been approved. Thank you!\\\" data-payment-order-cancelled-message=\\\"Unable to process your order. Please try again later.\\\" style=\\\"min-height: 250px; min-width: 50px; margin-top: 0px; margin-bottom: 0px; margin-left: 0px; margin-right: 0px\\\">\\n        <ul class=\\\"u-tab-list u-unstyled u-block-93df-39\\\" role=\\\"tablist\\\" style=\\\"\\\">\\n          <li class=\\\"u-tab-item u-block-93df-40\\\" role=\\\"presentation\\\" style=\\\"\\\">\\n            <a class=\\\"active u-active-grey-10 u-button-style u-payment-paypal u-tab-link u-text-body-color u-block-93df-41\\\" id=\\\"link-tab-9cb3\\\" href=\\\"#tab-9cb3\\\" role=\\\"tab\\\" aria-controls=\\\"tab-9cb3\\\" aria-selected=\\\"true\\\" style=\\\"\\\">\\n              <input type=\\\"radio\\\" class=\\\"u-field-input u-grey-15 u-radius-15\\\" name=\\\"payment-group\\\" checked=\\\"checked\\\">\\n              <span>Paypal</span>\\n              <svg class=\\\"u-svg-content\\\" xmlns=\\\"http://www.w3.org/2000/svg\\\" x=\\\"0px\\\" y=\\\"0px\\\"><path fill=\\\"#009EE3\\\" d=\\\"M11,5.9H18c3.8,0,5.2,1.9,4.9,4.7c-0.3,4.7-3.2,7.2-6.9,7.2h-1.9c-0.5,0-0.8,0.3-0.9,1.3l-0.8,4.3\\n  c-0.1,0.3-0.2,0.5-0.5,0.6H7.6c-0.4,0-0.5-0.3-0.4-1l2.6-16C9.9,6.3,10.2,5.9,11,5.9z\\\"></path><path fill=\\\"#113984\\\" d=\\\"M6.7,0h7.1c2,0,4.3,0.1,5.9,1.5c1.1,0.9,1.6,2.4,1.5,4c-0.4,5.4-3.7,8.5-8,8.5H9.6c-0.6,0-0.9,0.4-1.2,1.5\\n  l-0.9,5.1C7.4,21,7.3,21.3,7,21.3H2.6C2,21.3,1.9,21,2,20.1L5.2,1.3C5.3,0.4,5.7,0,6.7,0z\\\"></path><path fill=\\\"#172C70\\\" d=\\\"M8.6,14.8l1.3-7.9c0.1-0.7,0.5-1,1.3-1h7.1c1.2,0,2.1,0.2,2.8,0.5c-0.7,4.8-3.8,7.5-7.9,7.5H9.6\\n  C9.1,13.9,8.8,14.1,8.6,14.8z\\\"></path></svg>\\n            </a>\\n          </li>\\n          <li class=\\\"u-tab-item u-block-93df-42\\\" role=\\\"presentation\\\" style=\\\"\\\">\\n            <a class=\\\"u-active-grey-10 u-button-style u-payment-stripe u-tab-link u-text-body-color u-block-93df-43\\\" id=\\\"link-tab-ab80\\\" href=\\\"#tab-ab80\\\" role=\\\"tab\\\" aria-controls=\\\"tab-ab80\\\" aria-selected=\\\"false\\\" style=\\\"\\\">\\n              <input type=\\\"radio\\\" class=\\\"u-field-input u-grey-15 u-radius-15\\\" name=\\\"payment-group\\\">\\n              <span>Stripe</span>\\n              <svg class=\\\"u-svg-content\\\" xmlns=\\\"http://www.w3.org/2000/svg\\\" x=\\\"0px\\\" y=\\\"0px\\\" viewBox=\\\"0 0 24 24\\\"><path fill=\\\"#635BFF\\\" d=\\\"M14,9.2c-2.3-0.8-3.4-1.5-3.4-2.4c0-0.8,0.8-1.3,2-1.3c2.3,0,4.7,0.8,6.4,1.6l0.9-5.5\\n  c-1.3-0.5-4-1.6-7.7-1.6C9.6,0,7.5,0.7,5.8,1.9C4.1,3.2,3.4,4.9,3.4,7.2c0,4,2.6,5.7,6.8,7.2c2.7,0.9,3.6,1.6,3.6,2.5\\n  c0,0.9-0.9,1.6-2.4,1.6c-1.9,0-5.2-0.9-7.3-2.1L3,22c1.8,0.9,5.1,2,8.7,2c2.8,0,5.1-0.7,6.6-1.9c1.8-1.3,2.7-3.2,2.7-5.7\\n  C20.9,12.3,18.2,10.7,14,9.2L14,9.2z\\\"></path></svg>\\n            </a>\\n          </li>\\n        </ul>\\n        <div class=\\\"u-tab-content u-block-93df-44\\\" style=\\\"\\\">\\n          <div class=\\\"u-container-style u-payment-paypal u-tab-active u-tab-pane u-block-93df-45\\\" id=\\\"tab-9cb3\\\" role=\\\"tabpanel\\\" aria-labelledby=\\\"link-tab-9cb3\\\" style=\\\"\\\">\\n            <div class=\\\"u-container-layout u-payment-services-inner u-block-93df-46\\\" style=\\\"padding-top: 20px; padding-right: 0; padding-bottom: 0; padding-left: 0\\\" data-payment-loading-message=\\\"Loading...\\\">Here you will see the payment buttons on the live website.</div>\\n          </div>\\n          <div class=\\\"u-container-style u-payment-stripe u-tab-pane u-block-93df-47\\\" id=\\\"tab-ab80\\\" role=\\\"tabpanel\\\" aria-labelledby=\\\"link-tab-ab80\\\" style=\\\"\\\">\\n            <div class=\\\"u-container-layout u-block-93df-48\\\" style=\\\"padding-top: 20px; padding-right: 0; padding-bottom: 0; padding-left: 0\\\">\\n              <a href=\\\"#\\\" class=\\\"u-btn u-button-style u-stripe-button u-block-93df-49\\\" style=\\\"width: 100%; margin-top: 0; margin-bottom: 0; margin-left: auto; margin-right: auto\\\">Pay with Stripe</a>\\n            </div>\\n          </div>\\n        </div>\\n      </div>\\n    </div><button class=\\\"u-dialog-close-button u-icon u-text-grey-40 u-block-93df-4\\\" style=\\\"width: 20.0939px; height: 20.0939px; left: auto; top: 35.9532px; position: absolute; right: 35px; padding-top: 0px; padding-bottom: 0px; padding-left: 0px; padding-right: 0px\\\"><svg class=\\\"u-svg-link\\\" preserveAspectRatio=\\\"xMidYMin slice\\\" viewBox=\\\"0 0 16 16\\\" style=\\\"\\\"><use xmlns:xlink=\\\"http://www.w3.org/1999/xlink\\\" xlink:href=\\\"#svg-efe9\\\"></use></svg><svg xmlns=\\\"http://www.w3.org/2000/svg\\\" xmlns:xlink=\\\"http://www.w3.org/1999/xlink\\\" version=\\\"1.1\\\" xml:space=\\\"preserve\\\" class=\\\"u-svg-content\\\" viewBox=\\\"0 0 16 16\\\" x=\\\"0px\\\" y=\\\"0px\\\" id=\\\"svg-efe9\\\"><rect x=\\\"7\\\" y=\\\"0\\\" transform=\\\"matrix(0.7071 -0.7071 0.7071 0.7071 -3.3138 8.0002)\\\" width=\\\"2\\\" height=\\\"16\\\"></rect><rect x=\\\"0\\\" y=\\\"7\\\" transform=\\\"matrix(0.7071 -0.7071 0.7071 0.7071 -3.3138 8.0002)\\\" width=\\\"16\\\" height=\\\"2\\\"></rect></svg></button>\\n  </div>\\n  <style data-mode=\\\"XL\\\" data-visited=\\\"true\\\">@media (max-width: 0px) { .u-block-93df-2 {width: 570px; min-height: 578px; height: auto; box-shadow: 0px 0px 8px 0px rgba(var(--black-r),var(--black-g),var(--black-b),0.2); margin-top: 60px; margin-bottom: 60px; margin-left: auto; margin-right: auto}\\n.u-block-93df-3 {padding-top: 34px; padding-bottom: 34px; padding-left: 35px; padding-right: 35px}\\n.u-block-93df-26 {font-weight: 700; margin-top: 0px; margin-right: 165.016px; margin-bottom: 0px; margin-left: 0px}\\n.u-block-93df-5 {margin-top: 30px; margin-bottom: 0px}\\n.u-block-93df-6 {grid-template-columns: 100%; min-height: 206px; grid-gap: 10px}\\n.u-block-93df-8 {padding-top: 0px; padding-left: 0px; padding-right: 0px; padding-bottom: 30px}\\n.u-block-93df-27 {background-image: none; margin-top: 0px; margin-bottom: 0px; margin-left: 0px; margin-right: 0px}\\n.u-block-93df-29 {font-size: 0.875rem; margin-top: 20px; margin-left: 0px; margin-right: 0px; margin-bottom: 0px}\\n.u-block-93df-35 {width: 125px; margin-top: 30px; margin-right: auto; margin-bottom: 0px; margin-left: 0px}\\n.u-block-93df-12 {margin-top: -34px; margin-right: 0px; margin-bottom: 0px; margin-left: auto}\\n.u-block-93df-38 {min-height: 250px; min-width: 50px; margin-top: 0px; margin-bottom: 0px; margin-left: 0px; margin-right: 0px}\\n.u-block-93df-46 {padding-top: 20px; padding-right: 0; padding-bottom: 0; padding-left: 0}\\n.u-block-93df-48 {padding-top: 20px; padding-right: 0; padding-bottom: 0; padding-left: 0}\\n.u-block-93df-49 {width: 100%; margin-top: 0; margin-bottom: 0; margin-left: auto; margin-right: auto}\\n.u-block-93df-4 {width: 20.0939px; height: 20.0939px; left: auto; top: 35.9532px; position: absolute; right: 35px; padding-top: 0px; padding-bottom: 0px; padding-left: 0px; padding-right: 0px} }</style>\\n  <style data-mode=\\\"LG\\\" data-visited=\\\"true\\\">@media (max-width: 0px) { .u-block-93df-2 {box-shadow: 0px 0px 8px 0px rgba(var(--black-r),var(--black-g),var(--black-b),0.2); width: 570px; height: auto; margin-top: 60px; margin-left: auto; margin-right: auto; margin-bottom: 60px; min-height: 578px}\\n.u-block-93df-3 {padding-top: 34px; padding-bottom: 34px; padding-left: 35px; padding-right: 35px}\\n.u-block-93df-26 {font-weight: 700; margin-top: 0px; margin-right: 165px; margin-bottom: 0px; margin-left: 0px}\\n.u-block-93df-5 {margin-top: 30px; margin-bottom: 0px}\\n.u-block-93df-6 {grid-template-columns: 100%; min-height: 206px; grid-gap: 10px}\\n.u-block-93df-8 {padding-top: 0px; padding-left: 0px; padding-right: 0px; padding-bottom: 30px}\\n.u-block-93df-27 {background-image: none; margin-top: 0px; margin-bottom: 0px; margin-left: 0px; margin-right: 0px}\\n.u-block-93df-29 {font-size: 0.875rem; margin-top: 20px; margin-left: 0px; margin-right: 0px; margin-bottom: 0px}\\n.u-block-93df-35 {width: 125px; margin-top: 30px; margin-right: auto; margin-bottom: 0px; margin-left: 0px}\\n.u-block-93df-12 {margin-top: -34px; margin-right: 0px; margin-bottom: 0px; margin-left: auto}\\n.u-block-93df-38 {min-height: 250px; min-width: 50px; margin-top: 0px; margin-bottom: 0px}\\n.u-block-93df-46 {padding-top: 20px; padding-bottom: 0; padding-left: 0; padding-right: 0}\\n.u-block-93df-48 {padding-top: 20px; padding-bottom: 0; padding-left: 0; padding-right: 0}\\n.u-block-93df-49 {width: 100%; margin-top: 0; margin-bottom: 0; margin-left: auto; margin-right: auto}\\n.u-block-93df-4 {width: 20.0939px; height: 20.0939px; left: auto; top: 35.9532px; position: absolute; right: 35px; padding-top: 0px; padding-bottom: 0px; padding-left: 0px; padding-right: 0px} }</style>\\n  <style data-mode=\\\"MD\\\" data-visited=\\\"true\\\">@media (max-width: 0px) { .u-block-93df-2 {box-shadow: 0px 0px 8px 0px rgba(var(--black-r),var(--black-g),var(--black-b),0.2); width: 570px; height: auto; margin-top: 60px; margin-left: auto; margin-right: auto; margin-bottom: 60px; min-height: 578px}\\n.u-block-93df-3 {padding-top: 30px; padding-bottom: 30px; padding-left: 30px; padding-right: 30px}\\n.u-block-93df-26 {font-weight: 700; margin-top: 0px; margin-right: 165px; margin-bottom: 0px; margin-left: 0px}\\n.u-block-93df-5 {margin-top: 30px; margin-bottom: 0px}\\n.u-block-93df-6 {grid-template-columns: 100%; min-height: 206px; grid-gap: 10px}\\n.u-block-93df-8 {padding-top: 0px; padding-left: 0px; padding-right: 0px; padding-bottom: 30px}\\n.u-block-93df-27 {background-image: none; margin-top: 0px; margin-bottom: 0px; margin-left: 0px; margin-right: 0px}\\n.u-block-93df-29 {font-size: 0.875rem; margin-top: 20px; margin-left: 0px; margin-right: 0px; margin-bottom: 0px}\\n.u-block-93df-35 {width: 125px; margin-top: 30px; margin-right: auto; margin-bottom: 0px; margin-left: 0px}\\n.u-block-93df-12 {margin-top: -34px; margin-right: 0px; margin-bottom: 0px; margin-left: auto}\\n.u-block-93df-38 {min-height: 250px; min-width: 50px; margin-top: 0px; margin-bottom: 0px}\\n.u-block-93df-46 {padding-top: 20px; padding-bottom: 0px; padding-left: 0px; padding-right: 0px}\\n.u-block-93df-48 {padding-top: 20px; padding-bottom: 0px; padding-left: 0px; padding-right: 0px}\\n.u-block-93df-49 {width: 100%; margin-top: 0; margin-bottom: 0; margin-left: auto; margin-right: auto}\\n.u-block-93df-4 {width: 20.0939px; height: 20.0939px; left: auto; top: 31.9532px; position: absolute; right: 30px; padding-top: 0px; padding-bottom: 0px; padding-left: 0px; padding-right: 0px} }</style>\\n  <style data-mode=\\\"SM\\\" data-visited=\\\"true\\\">@media (max-width: 0px) { .u-block-93df-2 {box-shadow: 0px 0px 8px 0px rgba(var(--black-r),var(--black-g),var(--black-b),0.2); width: 540px; height: auto; margin-top: 60px; margin-left: auto; margin-right: auto; margin-bottom: 60px; min-height: 578px}\\n.u-block-93df-3 {padding-top: 30px; padding-bottom: 30px; padding-left: 30px; padding-right: 30px}\\n.u-block-93df-26 {font-weight: 700; margin-top: 0px; margin-right: 165px; margin-bottom: 0px; margin-left: 0px}\\n.u-block-93df-5 {margin-top: 30px; margin-bottom: 0px}\\n.u-block-93df-6 {grid-template-columns: 100%; min-height: 206px; grid-gap: 10px}\\n.u-block-93df-8 {padding-top: 0px; padding-left: 0px; padding-right: 0px; padding-bottom: 30px}\\n.u-block-93df-27 {background-image: none; margin-top: 0px; margin-bottom: 0px; margin-left: 0px; margin-right: 0px}\\n.u-block-93df-29 {font-size: 0.875rem; margin-top: 20px; margin-left: 0px; margin-right: 0px; margin-bottom: 0px}\\n.u-block-93df-35 {width: 125px; margin-top: 30px; margin-right: auto; margin-bottom: 0px; margin-left: 0px}\\n.u-block-93df-12 {margin-top: -34px; margin-right: 0px; margin-bottom: 0px; margin-left: auto}\\n.u-block-93df-38 {min-height: 250px; min-width: 50px; margin-top: 0px; margin-bottom: 0px}\\n.u-block-93df-46 {padding-top: 20px; padding-bottom: 0px; padding-left: 0px; padding-right: 0px}\\n.u-block-93df-48 {padding-top: 20px; padding-bottom: 0px; padding-left: 0px; padding-right: 0px}\\n.u-block-93df-49 {width: 100%; margin-top: 0; margin-bottom: 0; margin-left: auto; margin-right: auto}\\n.u-block-93df-4 {width: 20.0939px; height: 20.0939px; left: auto; top: 31.9532px; position: absolute; right: 30px; padding-top: 0px; padding-bottom: 0px; padding-left: 0px; padding-right: 0px} }</style>\\n  <style data-mode=\\\"XS\\\" data-visited=\\\"true\\\">@media (max-width: 0px) { .u-block-93df-2 {box-shadow: 0px 0px 8px 0px rgba(var(--black-r),var(--black-g),var(--black-b),0.2); width: 340px; height: auto; margin-top: 60px; margin-left: auto; margin-right: auto; margin-bottom: 60px; min-height: 578px}\\n.u-block-93df-3 {padding-top: 30px; padding-bottom: 30px; padding-left: 20px; padding-right: 20px}\\n.u-block-93df-26 {font-weight: 700; margin-top: 0px; margin-right: 5px; margin-bottom: 0px; margin-left: 0px}\\n.u-block-93df-5 {margin-top: 30px; margin-bottom: 0px}\\n.u-block-93df-6 {grid-template-columns: 100%; min-height: 206px; grid-gap: 10px}\\n.u-block-93df-8 {padding-top: 0px; padding-left: 0px; padding-right: 0px; padding-bottom: 30px}\\n.u-block-93df-27 {background-image: none; margin-top: 0px; margin-bottom: 0px; margin-left: 0px; margin-right: 0px}\\n.u-block-93df-29 {font-size: 0.875rem; margin-top: 20px; margin-left: 0px; margin-right: 0px; margin-bottom: 0px}\\n.u-block-93df-35 {width: 125px; margin-top: 30px; margin-right: auto; margin-bottom: 0px; margin-left: 0px}\\n.u-block-93df-12 {margin-top: -34px; margin-right: 0px; margin-bottom: 0px; margin-left: auto}\\n.u-block-93df-38 {min-height: 250px; min-width: 50px; margin-top: 0px; margin-bottom: 0px}\\n.u-block-93df-46 {padding-top: 20px; padding-bottom: 0px; padding-left: 0px; padding-right: 0px}\\n.u-block-93df-48 {padding-top: 20px; padding-bottom: 0px; padding-left: 0px; padding-right: 0px}\\n.u-block-93df-49 {width: 100%; margin-top: 0; margin-bottom: 0; margin-left: auto; margin-right: auto}\\n.u-block-93df-4 {width: 20.0939px; height: 20.0939px; left: auto; top: 31.9532px; position: absolute; right: 20px; padding-top: 0px; padding-bottom: 0px; padding-left: 0px; padding-right: 0px} }</style>\\n</section>\",\"showOn\":\"click\",\"showOnList\":[]}],\"lang\":\"en\",\"formServices\":{\"6b29ca44b445a922d01e8518e1dbecb9\":{\"id\":\"6b29ca44b445a922d01e8518e1dbecb9\",\"type\":\"email\",\"token\":\"4b73a586-b737-5cc9-4cb7-9d44443dfeba\",\"email\":\"caaaisho@gmail.com\",\"isVerified\":true}},\"captchaSiteKey\":\"6Lc2HDEiAAAAALpe1yqNarK-BmlyYl_MNPZx7_AB\",\"captchaSecretKey\":\"\",\"cookiesSection\":\"<section class=\\\"u-align-center u-block-20e1-1 u-clearfix u-cookies-consent u-grey-80\\\" custom-posts-hash=\\\"T\\\" style=\\\"background-image: none\\\" data-post-id=\\\"1\\\" data-section-properties=\\\"{&quot;stretch&quot;:true}\\\" data-id=\\\"20e1\\\" data-posts-content=\\\"[{'images':[],'maps':[],'videos':[],'icons':[],'textWidth':874,'textHeight':152,'id':1,'headingProp':'h3','textProp':'text'}]\\\" data-style=\\\"cookie-1\\\" id=\\\"sec-6b57\\\" data-source=\\\"\\\">\\n  <div class=\\\"u-block-20e1-2 u-clearfix u-sheet u-valign-middle\\\" style=\\\"min-height: 212px\\\" data-state=\\\"{&quot;margin-top&quot;:{&quot;shouldApplyDefaultMargins&quot;:{&quot;XL&quot;:false,&quot;LG&quot;:false,&quot;MD&quot;:false,&quot;SM&quot;:false,&quot;XS&quot;:false},&quot;parentVerticalAlign&quot;:{&quot;XL&quot;:&quot;middle&quot;,&quot;LG&quot;:&quot;middle&quot;,&quot;MD&quot;:&quot;middle&quot;,&quot;SM&quot;:&quot;middle&quot;,&quot;XS&quot;:&quot;middle&quot;}},&quot;margin-bottom&quot;:{&quot;shouldApplyDefaultMargins&quot;:{&quot;XL&quot;:false,&quot;LG&quot;:false,&quot;MD&quot;:false,&quot;SM&quot;:false,&quot;XS&quot;:false},&quot;parentVerticalAlign&quot;:{&quot;XL&quot;:&quot;middle&quot;,&quot;LG&quot;:&quot;middle&quot;,&quot;MD&quot;:&quot;middle&quot;,&quot;SM&quot;:&quot;middle&quot;,&quot;XS&quot;:&quot;middle&quot;}}}\\\" data-height-lg=\\\"158\\\" data-height-md=\\\"131\\\" data-height-sm=\\\"106\\\" data-height-xs=\\\"225\\\">\\n    <div class=\\\"u-block-20e1-7 u-clearfix u-expanded-width u-layout-wrap\\\" style=\\\"margin-top: 30px; margin-bottom: 30px\\\" data-state=\\\"{&quot;margin-top&quot;:{&quot;shouldApplyDefaultMargins&quot;:{&quot;XL&quot;:false,&quot;LG&quot;:false,&quot;MD&quot;:false,&quot;SM&quot;:true,&quot;XS&quot;:true},&quot;parentVerticalAlign&quot;:{&quot;XL&quot;:&quot;middle&quot;,&quot;LG&quot;:&quot;middle&quot;,&quot;MD&quot;:&quot;middle&quot;,&quot;SM&quot;:&quot;middle&quot;,&quot;XS&quot;:&quot;middle&quot;}},&quot;margin-bottom&quot;:{&quot;shouldApplyDefaultMargins&quot;:{&quot;XL&quot;:false,&quot;LG&quot;:false,&quot;MD&quot;:false,&quot;SM&quot;:true,&quot;XS&quot;:true},&quot;parentVerticalAlign&quot;:{&quot;XL&quot;:&quot;middle&quot;,&quot;LG&quot;:&quot;middle&quot;,&quot;MD&quot;:&quot;middle&quot;,&quot;SM&quot;:&quot;middle&quot;,&quot;XS&quot;:&quot;middle&quot;}}}\\\">\\n      <div class=\\\"u-gutter-0 u-layout\\\">\\n        <div class=\\\"u-layout-row\\\">\\n          <div class=\\\"u-block-20e1-8 u-container-style u-layout-cell u-left-cell u-size-43-md u-size-43-sm u-size-43-xs u-size-46-lg u-size-46-xl\\\" style=\\\"min-height: 152px\\\" data-state=\\\"{&quot;min-height&quot;:{&quot;expandedParent&quot;:{&quot;XL&quot;:true,&quot;LG&quot;:true,&quot;MD&quot;:true,&quot;SM&quot;:true,&quot;XS&quot;:true},&quot;cellMultiplier&quot;:{&quot;XL&quot;:1,&quot;LG&quot;:1,&quot;MD&quot;:0.9347826086956521,&quot;SM&quot;:1.3953488372093024,&quot;XS&quot;:1},&quot;canCollapse&quot;:{&quot;XL&quot;:false,&quot;LG&quot;:false,&quot;MD&quot;:true,&quot;SM&quot;:true,&quot;XS&quot;:true}}}\\\">\\n            <div class=\\\"u-block-20e1-9 u-container-layout u-valign-middle\\\" style=\\\"padding-top: 30px; padding-bottom: 30px; padding-left: 60px; padding-right: 60px\\\" data-state=\\\"{&quot;min-height&quot;:{&quot;canCollapse&quot;:{&quot;XL&quot;:false,&quot;LG&quot;:false,&quot;MD&quot;:false,&quot;SM&quot;:false,&quot;XS&quot;:false}}}\\\">\\n              <h3 class=\\\"u-block-20e1-6 u-text u-text-default\\\" style=\\\"margin-top: 0px; margin-right: 20px; margin-bottom: 0px;\\\">Cookies &amp; Privacy</h3>\\n              <p class=\\\"u-block-20e1-5 u-text u-text-default\\\" style=\\\"margin: 8px 20px 0px 0px;\\\">This website uses cookies to ensure you get the best experience on our website.</p>\\n            </div>\\n          </div>\\n          <div class=\\\"u-align-left u-block-20e1-10 u-container-style u-layout-cell u-right-cell u-size-14-lg u-size-14-xl u-size-17-md u-size-17-sm u-size-17-xs\\\" style=\\\"min-height: 152px\\\" data-state=\\\"{&quot;min-height&quot;:{&quot;expandedParent&quot;:{&quot;XL&quot;:true,&quot;LG&quot;:true,&quot;MD&quot;:true,&quot;SM&quot;:true,&quot;XS&quot;:true},&quot;cellMultiplier&quot;:{&quot;XL&quot;:1,&quot;LG&quot;:1,&quot;MD&quot;:1.2142857142857142,&quot;SM&quot;:3.5294117647058822,&quot;XS&quot;:1},&quot;canCollapse&quot;:{&quot;XL&quot;:false,&quot;LG&quot;:false,&quot;MD&quot;:true,&quot;SM&quot;:true,&quot;XS&quot;:true}}}\\\">\\n            <div class=\\\"u-block-20e1-11 u-container-layout u-valign-middle-lg u-valign-middle-md u-valign-middle-xl u-valign-top-sm u-valign-top-xs\\\" style=\\\"padding-top: 30px; padding-bottom: 30px; padding-left: 30px; padding-right: 30px\\\" data-state=\\\"{&quot;min-height&quot;:{&quot;canCollapse&quot;:{&quot;XL&quot;:false,&quot;LG&quot;:false,&quot;MD&quot;:false,&quot;SM&quot;:false,&quot;XS&quot;:false}}}\\\">\\n              <a href=\\\"###\\\" class=\\\"u-block-20e1-3 u-btn u-button-confirm u-button-style u-palette-1-base\\\" style=\\\"margin-top: 0px; margin-right: auto; margin-bottom: 0px; margin-left: 0px\\\">Confirm</a>\\n            </div>\\n          </div>\\n        </div>\\n      </div>\\n    </div>\\n  </div>\\n  <style data-mode=\\\"XL\\\">@media (max-width: 0px) { .u-block-20e1-1 {background-image: none}\\n.u-block-20e1-2 {min-height: 212px}\\n.u-block-20e1-7 {margin-top: 30px; margin-bottom: 30px}\\n.u-block-20e1-8 {min-height: 152px}\\n.u-block-20e1-9 {padding-top: 30px; padding-bottom: 30px; padding-left: 60px; padding-right: 60px}\\n.u-block-20e1-6 {margin-top: 0px; margin-right: 20px; margin-bottom: 0px}\\n.u-block-20e1-5 {margin-top: 8px; margin-right: 20px; margin-bottom: 0px; margin-left: 0px}\\n.u-block-20e1-10 {min-height: 152px}\\n.u-block-20e1-11 {padding-top: 30px; padding-bottom: 30px; padding-left: 30px; padding-right: 30px}\\n.u-block-20e1-3 {margin-top: 0px; margin-right: auto; margin-bottom: 0px; margin-left: 0px} }</style>\\n  <style data-mode=\\\"LG\\\">@media (max-width: 0px) { .u-block-20e1-1 {background-image: none}\\n.u-block-20e1-2 {min-height: 131px}\\n.u-block-20e1-7 {margin-top: 30px; margin-bottom: 30px}\\n.u-block-20e1-8 {min-height: 125px}\\n.u-block-20e1-9 {padding-top: 30px; padding-bottom: 30px; padding-left: 60px; padding-right: 60px}\\n.u-block-20e1-6 {margin-top: 0px; margin-right: 0px; margin-bottom: 0px}\\n.u-block-20e1-5 {margin-top: 8px; margin-right: 0px; margin-bottom: 0px; margin-left: 0px}\\n.u-block-20e1-10 {min-height: 125px}\\n.u-block-20e1-11 {padding-top: 30px; padding-bottom: 30px; padding-left: 30px; padding-right: 30px}\\n.u-block-20e1-3 {margin-top: 0px; margin-right: auto; margin-bottom: 0px; margin-left: 0px} }</style>\\n  <style data-mode=\\\"MD\\\" data-visited=\\\"true\\\">@media (max-width: 0px) { .u-block-20e1-1 {background-image: none}\\n.u-block-20e1-2 {min-height: 106px}\\n.u-block-20e1-7 {margin-top: 30px; margin-bottom: 30px}\\n.u-block-20e1-8 {min-height: 100px}\\n.u-block-20e1-9 {padding-top: 30px; padding-bottom: 30px; padding-left: 30px; padding-right: 30px}\\n.u-block-20e1-6 {margin-top: 0px; margin-right: 0px; margin-bottom: 0px}\\n.u-block-20e1-5 {margin-top: 8px; margin-right: 0px; margin-bottom: 0px; margin-left: 0px}\\n.u-block-20e1-10 {min-height: 100px}\\n.u-block-20e1-11 {padding-top: 30px; padding-bottom: 30px; padding-left: 30px; padding-right: 30px}\\n.u-block-20e1-3 {margin-top: 0px; margin-right: auto; margin-bottom: 0px; margin-left: 0px} }</style>\\n  <style data-mode=\\\"SM\\\" data-visited=\\\"true\\\">@media (max-width: 0px) { .u-block-20e1-1 {background-image: none}\\n.u-block-20e1-2 {min-height: 225px}\\n.u-block-20e1-7 {margin-top: 30px; margin-bottom: 30px}\\n.u-block-20e1-8 {min-height: 154px}\\n.u-block-20e1-9 {padding-top: 30px; padding-left: 10px; padding-right: 10px; padding-bottom: 20px}\\n.u-block-20e1-6 {margin-top: 0px; margin-right: 0px; margin-bottom: 0px}\\n.u-block-20e1-5 {margin-top: 8px; margin-right: 0px; margin-bottom: 0px; margin-left: 0px}\\n.u-block-20e1-10 {min-height: 65px}\\n.u-block-20e1-11 {padding-top: 10px; padding-bottom: 10px; padding-left: 10px; padding-right: 10px}\\n.u-block-20e1-3 {margin-top: 0px; margin-right: auto; margin-bottom: 0px; margin-left: 0px} }</style>\\n  <style data-mode=\\\"XS\\\" data-visited=\\\"true\\\">@media (max-width: 0px) { .u-block-20e1-1 {background-image: none}\\n.u-block-20e1-2 {min-height: 121px}\\n.u-block-20e1-7 {margin-top: 30px; margin-bottom: 30px}\\n.u-block-20e1-8 {min-height: 100px}\\n.u-block-20e1-9 {padding-top: 30px; padding-bottom: 20px; padding-left: 10px; padding-right: 10px}\\n.u-block-20e1-6 {margin-top: 0px; margin-right: 0px; margin-bottom: 0px}\\n.u-block-20e1-5 {margin-top: 8px; margin-right: 0px; margin-bottom: 0px; margin-left: 0px}\\n.u-block-20e1-10 {min-height: 15px}\\n.u-block-20e1-11 {padding-top: 10px; padding-bottom: 10px; padding-left: 10px; padding-right: 10px}\\n.u-block-20e1-3 {margin-top: 0px; margin-right: auto; margin-bottom: 0px; margin-left: 0px} }</style>\\n</section>\",\"langs\":[{\"id\":\"1\",\"name\":\"en\",\"title\":\"English\"}],\"siteStyleCss\":null}","footer":"<section class=\"u-align-center-sm u-align-center-xs u-black u-clearfix u-container-align-center u-footer u-block-7005-1\" custom-posts-hash=\"[T,T,T,T]\" data-style=\"footer-4-cols-4\" data-post-id=\"3684536113;3693220393;3693220393;3693220393\" data-section-properties=\"{&quot;grid-spacing&quot;:&quot;30&quot;,&quot;spacingAdditional&quot;:&quot;none&quot;,&quot;align&quot;:&quot;&quot;,&quot;stretch&quot;:true}\" id=\"sec-3f99\" data-source=\"\" data-id=\"7005\">\n  <div class=\"u-clearfix u-sheet u-valign-middle u-block-7005-2\">\n    <a href=\"https://nicepage.com\" class=\"u-image u-logo u-block-7005-3\" data-brightness=\"\" data-image-width=\"600\" data-image-height=\"600\">\n      <img src=\"https://assets.nicepagecdn.com/d2cc3eaa/3256687/images/3576175.png\" class=\"u-logo-image u-block-7005-26\">\n    </a>\n    <div class=\"u-clearfix u-expanded-width u-gutter-30 u-layout-custom-sm u-layout-custom-xs u-layout-wrap u-block-7005-4\">\n      <div class=\"u-gutter-0 u-layout\">\n        <div class=\"u-layout-row\">\n          <div class=\"u-align-left u-container-style u-layout-cell u-left-cell u-size-15-lg u-size-15-md u-size-15-xl u-size-30-sm u-size-30-xs u-block-7005-5\">\n            <div class=\"u-container-layout u-valign-top u-block-7005-6\">\n              <h6 class=\"u-text u-block-7005-7\">Headline</h6>\n              <p class=\"u-small-text u-text u-text-variant u-block-7005-8\">Sample text. Click to select the Text Element.</p>\n            </div>\n          </div>\n          <div class=\"u-align-left u-container-style u-layout-cell u-size-15-lg u-size-15-md u-size-15-xl u-size-30-sm u-size-30-xs u-block-7005-27\">\n            <div class=\"u-container-layout u-valign-top u-block-7005-28\">\n              <h6 class=\"u-text u-block-7005-29\">Headline</h6>\n              <p class=\"u-small-text u-text u-text-variant u-block-7005-30\">Sample footer text</p>\n            </div>\n          </div>\n          <div class=\"u-align-left u-container-style u-layout-cell u-size-15-lg u-size-15-md u-size-15-xl u-size-30-sm u-size-30-xs u-block-7005-31\">\n            <div class=\"u-container-layout u-valign-top u-block-7005-32\">\n              <h6 class=\"u-text u-block-7005-33\">Headline</h6>\n              <p class=\"u-small-text u-text u-text-variant u-block-7005-34\">Sample footer text</p>\n            </div>\n          </div>\n          <div class=\"u-align-left u-container-style u-layout-cell u-right-cell u-size-15-lg u-size-15-md u-size-15-xl u-size-30-sm u-size-30-xs u-block-7005-35\">\n            <div class=\"u-container-layout u-valign-top u-block-7005-36\">\n              <h6 class=\"u-text u-block-7005-37\">Headline</h6>\n              <p class=\"u-small-text u-text u-text-variant u-block-7005-38\">Sample footer text</p>\n            </div>\n          </div>\n        </div>\n      </div>\n    </div>\n    \n  <div class=\"u-social-icons u-spacing-10 u-block-7005-39\">\n    <a class=\"u-social-url\" title=\"facebook\" target=\"_blank\" href=\"https://facebook.com/name\"><span class=\"u-icon u-social-facebook u-social-icon u-text-palette-5-base u-block-7005-40\"><svg class=\"u-svg-link\" preserveAspectRatio=\"xMidYMin slice\" viewBox=\"0 0 112 112\" style=\"\"><use xmlns:xlink=\"http://www.w3.org/1999/xlink\" xlink:href=\"#svg-b066\"></use></svg><svg xmlns=\"http://www.w3.org/2000/svg\" xmlns:xlink=\"http://www.w3.org/1999/xlink\" version=\"1.1\" xml:space=\"preserve\" class=\"u-svg-content\" viewBox=\"0 0 112 112\" x=\"0\" y=\"0\" id=\"svg-b066\" data-color=\"#3b5998\"><path fill=\"currentColor\" d=\"M75.5,28.8H65.4c-1.5,0-4,0.9-4,4.3v9.4h13.9l-1.5,15.8H61.4v45.1H42.8V58.3h-8.8V42.4h8.8V32.2\nc0-7.4,3.4-18.8,18.8-18.8h13.8v15.4H75.5z\"></path></svg></span></a>\n    <a class=\"u-social-url\" title=\"twitter\" target=\"_blank\" href=\"https://twitter.com/name\"><span class=\"u-icon u-social-icon u-social-twitter u-text-palette-5-base u-block-7005-41\"><svg class=\"u-svg-link\" preserveAspectRatio=\"xMidYMin slice\" viewBox=\"0 0 112 112\" style=\"\"><use xmlns:xlink=\"http://www.w3.org/1999/xlink\" xlink:href=\"#svg-202e\"></use></svg><svg xmlns=\"http://www.w3.org/2000/svg\" xmlns:xlink=\"http://www.w3.org/1999/xlink\" version=\"1.1\" xml:space=\"preserve\" class=\"u-svg-content\" viewBox=\"0 0 112 112\" x=\"0\" y=\"0\" id=\"svg-202e\" data-color=\"#55acee\"><path fill=\"currentColor\" d=\"M92.2,38.2c0,0.8,0,1.6,0,2.3c0,24.3-18.6,52.4-52.6,52.4c-10.6,0.1-20.2-2.9-28.5-8.2\n\tc1.4,0.2,2.9,0.2,4.4,0.2c8.7,0,16.7-2.9,23-7.9c-8.1-0.2-14.9-5.5-17.3-12.8c1.1,0.2,2.4,0.2,3.4,0.2c1.6,0,3.3-0.2,4.8-0.7\n\tc-8.4-1.6-14.9-9.2-14.9-18c0-0.2,0-0.2,0-0.2c2.5,1.4,5.4,2.2,8.4,2.3c-5-3.3-8.3-8.9-8.3-15.4c0-3.4,1-6.5,2.5-9.2\n\tc9.1,11.1,22.7,18.5,38,19.2c-0.2-1.4-0.4-2.8-0.4-4.3c0.1-10,8.3-18.2,18.5-18.2c5.4,0,10.1,2.2,13.5,5.7c4.3-0.8,8.1-2.3,11.7-4.5\n\tc-1.4,4.3-4.3,7.9-8.1,10.1c3.7-0.4,7.3-1.4,10.6-2.9C98.9,32.3,95.7,35.5,92.2,38.2z\"></path></svg></span></a>\n    <a class=\"u-social-url\" title=\"instagram\" target=\"_blank\" href=\"https://instagram.com/name\"><span class=\"u-icon u-social-icon u-social-instagram u-text-palette-5-base u-block-7005-42\"><svg class=\"u-svg-link\" preserveAspectRatio=\"xMidYMin slice\" viewBox=\"0 0 112 112\" style=\"\"><use xmlns:xlink=\"http://www.w3.org/1999/xlink\" xlink:href=\"#svg-aef9\"></use></svg><svg xmlns=\"http://www.w3.org/2000/svg\" xmlns:xlink=\"http://www.w3.org/1999/xlink\" version=\"1.1\" xml:space=\"preserve\" class=\"u-svg-content\" viewBox=\"0 0 112 112\" x=\"0\" y=\"0\" id=\"svg-aef9\" data-color=\"#c536a4\"><path fill=\"currentColor\" d=\"M55.9,32.9c-12.8,0-23.2,10.4-23.2,23.2s10.4,23.2,23.2,23.2s23.2-10.4,23.2-23.2S68.7,32.9,55.9,32.9z\n\t M55.9,69.4c-7.4,0-13.3-6-13.3-13.3c-0.1-7.4,6-13.3,13.3-13.3s13.3,6,13.3,13.3C69.3,63.5,63.3,69.4,55.9,69.4z\"></path><path fill=\"#FFFFFF\" d=\"M79.7,26.8c-3,0-5.4,2.5-5.4,5.4s2.5,5.4,5.4,5.4c3,0,5.4-2.5,5.4-5.4S82.7,26.8,79.7,26.8z\"></path><path fill=\"currentColor\" d=\"M78.2,11H33.5C21,11,10.8,21.3,10.8,33.7v44.7c0,12.6,10.2,22.8,22.7,22.8h44.7c12.6,0,22.7-10.2,22.7-22.7\n\tV33.7C100.8,21.1,90.6,11,78.2,11z M91,78.4c0,7.1-5.8,12.8-12.8,12.8H33.5c-7.1,0-12.8-5.8-12.8-12.8V33.7\n\tc0-7.1,5.8-12.8,12.8-12.8h44.7c7.1,0,12.8,5.8,12.8,12.8V78.4z\"></path></svg></span></a>\n</div></div>\n  \n  \n  \n  \n  \n<style data-mode=\"XL\" data-visited=\"true\">@media (min-width: 1200px){ .u-block-7005-2 {min-height: 480px}\n.u-block-7005-3 {width: 128.391px; height: 128.406px; margin-top: 60px; margin-left: auto; margin-right: auto; margin-bottom: 0px}\n.u-block-7005-26 {width: 100%; height: 100%}\n.u-block-7005-4 {margin-top: 53.3908px; margin-left: 0px; margin-right: 0px; margin-bottom: 0px}\n.u-block-7005-5 {background-image: none; min-height: 143px}\n.u-block-7005-6 {padding-top: 20px; padding-bottom: 20px; padding-left: 20px; padding-right: 20px}\n.u-block-7005-7 {margin-top: 10px; margin-left: 0px; margin-right: 0px; margin-bottom: 0px}\n.u-block-7005-8 {margin-top: 10px; margin-bottom: 10px; margin-left: 0px; margin-right: 0px}\n.u-block-7005-27 {min-height: 143px}\n.u-block-7005-28 {padding-top: 20px; padding-bottom: 20px; padding-left: 20px; padding-right: 20px}\n.u-block-7005-29 {margin-top: 10px; margin-left: 0px; margin-right: 0px; margin-bottom: 0px}\n.u-block-7005-30 {margin-top: 10px; margin-bottom: 10px; margin-left: 0px; margin-right: 0px}\n.u-block-7005-31 {min-height: 143px}\n.u-block-7005-32 {padding-top: 20px; padding-bottom: 20px; padding-left: 20px; padding-right: 20px}\n.u-block-7005-33 {margin-top: 10px; margin-left: 0px; margin-right: 0px; margin-bottom: 0px}\n.u-block-7005-34 {margin-top: 10px; margin-bottom: 10px; margin-left: 0px; margin-right: 0px}\n.u-block-7005-35 {min-height: 143px}\n.u-block-7005-36 {padding-top: 20px; padding-bottom: 20px; padding-left: 20px; padding-right: 20px}\n.u-block-7005-37 {margin-top: 10px; margin-left: 0px; margin-right: 0px; margin-bottom: 0px}\n.u-block-7005-38 {margin-top: 10px; margin-bottom: 10px; margin-left: 0px; margin-right: 0px}\n.u-block-7005-39 {height: 32px; min-height: 16px; width: 116px; min-width: 68px; margin-top: 10px; margin-left: auto; margin-right: auto; margin-bottom: 60px}\n.u-block-7005-40 {height: 100%}\n.u-block-7005-41 {height: 100%}\n.u-block-7005-42 {height: 100%} }</style><style data-mode=\"LG\">@media (max-width: 1199px) and (min-width: 992px){ .u-block-7005-2 {min-height: 454.594px}\n.u-block-7005-3 {width: 128px; height: 128px; margin-top: 60px; margin-left: auto; margin-right: auto; margin-bottom: 0px}\n.u-block-7005-26 {width: 100%; height: 100%}\n.u-block-7005-4 {margin-top: 53.3908px; margin-bottom: 0px}\n.u-block-7005-5 {background-image: none; min-height: 118px}\n.u-block-7005-6 {padding-top: 20px; padding-bottom: 20px; padding-left: 20px; padding-right: 20px}\n.u-block-7005-7 {margin-top: 10px; margin-left: 0px; margin-right: 0px; margin-bottom: 0px}\n.u-block-7005-8 {margin-top: 10px; margin-bottom: 10px; margin-left: 0px; margin-right: 0px}\n.u-block-7005-27 {min-height: 118px}\n.u-block-7005-28 {padding-top: 20px; padding-bottom: 20px; padding-left: 20px; padding-right: 20px}\n.u-block-7005-29 {margin-top: 10px; margin-left: 0px; margin-right: 0px; margin-bottom: 0px}\n.u-block-7005-30 {margin-top: 10px; margin-bottom: 10px; margin-left: 0px; margin-right: 0px}\n.u-block-7005-31 {min-height: 118px}\n.u-block-7005-32 {padding-top: 20px; padding-bottom: 20px; padding-left: 20px; padding-right: 20px}\n.u-block-7005-33 {margin-top: 10px; margin-left: 0px; margin-right: 0px; margin-bottom: 0px}\n.u-block-7005-34 {margin-top: 10px; margin-bottom: 10px; margin-left: 0px; margin-right: 0px}\n.u-block-7005-35 {min-height: 118px}\n.u-block-7005-36 {padding-top: 20px; padding-bottom: 20px; padding-left: 20px; padding-right: 20px}\n.u-block-7005-37 {margin-top: 10px; margin-left: 0px; margin-right: 0px; margin-bottom: 0px}\n.u-block-7005-38 {margin-top: 10px; margin-bottom: 10px; margin-left: 0px; margin-right: 0px}\n.u-block-7005-39 {height: 32px; min-height: 16px; width: 116px; min-width: 68px; margin-top: 10px; margin-left: auto; margin-right: auto; margin-bottom: 60px}\n.u-block-7005-40 {height: 100%}\n.u-block-7005-41 {height: 100%}\n.u-block-7005-42 {height: 100%} }</style><style data-mode=\"MD\" data-visited=\"true\">@media (max-width: 991px) and (min-width: 768px){ .u-block-7005-2 {min-height: 436.594px}\n.u-block-7005-3 {width: 128px; height: 128px; margin-top: 60px; margin-left: auto; margin-right: auto; margin-bottom: 0px}\n.u-block-7005-26 {width: 100%; height: 100%}\n.u-block-7005-4 {margin-top: 53.3908px; margin-bottom: 0px}\n.u-block-7005-5 {background-image: none; min-height: 100px}\n.u-block-7005-6 {padding-top: 20px; padding-bottom: 20px; padding-left: 20px; padding-right: 20px}\n.u-block-7005-7 {margin-top: 10px; margin-left: 0px; margin-right: 0px; margin-bottom: 0px}\n.u-block-7005-8 {margin-top: 10px; margin-bottom: 10px; margin-left: 0px; margin-right: 0px}\n.u-block-7005-27 {min-height: 100px}\n.u-block-7005-28 {padding-top: 20px; padding-bottom: 20px; padding-left: 20px; padding-right: 20px}\n.u-block-7005-29 {margin-top: 10px; margin-left: 0px; margin-right: 0px; margin-bottom: 0px}\n.u-block-7005-30 {margin-top: 10px; margin-bottom: 10px; margin-left: 0px; margin-right: 0px}\n.u-block-7005-31 {min-height: 100px}\n.u-block-7005-32 {padding-top: 20px; padding-bottom: 20px; padding-left: 20px; padding-right: 20px}\n.u-block-7005-33 {margin-top: 10px; margin-left: 0px; margin-right: 0px; margin-bottom: 0px}\n.u-block-7005-34 {margin-top: 10px; margin-bottom: 10px; margin-left: 0px; margin-right: 0px}\n.u-block-7005-35 {min-height: 100px}\n.u-block-7005-36 {padding-top: 20px; padding-bottom: 20px; padding-left: 20px; padding-right: 20px}\n.u-block-7005-37 {margin-top: 10px; margin-left: 0px; margin-right: 0px; margin-bottom: 0px}\n.u-block-7005-38 {margin-top: 10px; margin-bottom: 10px; margin-left: 0px; margin-right: 0px}\n.u-block-7005-39 {height: 32px; min-height: 16px; width: 116px; min-width: 68px; margin-top: 10px; margin-left: auto; margin-right: auto; margin-bottom: 60px}\n.u-block-7005-40 {height: 100%}\n.u-block-7005-41 {height: 100%}\n.u-block-7005-42 {height: 100%} }</style><style data-mode=\"SM\" data-visited=\"true\">@media (max-width: 767px) and (min-width: 576px){ .u-block-7005-2 {min-height: 370.594px}\n.u-block-7005-3 {width: 128px; height: 128px; margin-top: 60px; margin-left: auto; margin-right: auto; margin-bottom: 0px}\n.u-block-7005-26 {width: 100%; height: 100%}\n.u-block-7005-4 {margin-top: 53.3908px; margin-bottom: 0px}\n.u-block-7005-5 {background-image: none; min-height: 100px}\n.u-block-7005-6 {padding-top: 20px; padding-bottom: 20px; padding-left: 10px; padding-right: 10px}\n.u-block-7005-7 {margin-top: 10px; margin-left: 0px; margin-right: 0px; margin-bottom: 0px}\n.u-block-7005-8 {margin-top: 10px; margin-bottom: 10px; margin-left: 0px; margin-right: 0px}\n.u-block-7005-27 {min-height: 100px}\n.u-block-7005-28 {padding-top: 20px; padding-bottom: 20px; padding-left: 10px; padding-right: 10px}\n.u-block-7005-29 {margin-top: 10px; margin-left: 0px; margin-right: 0px; margin-bottom: 0px}\n.u-block-7005-30 {margin-top: 10px; margin-bottom: 10px; margin-left: 0px; margin-right: 0px}\n.u-block-7005-31 {min-height: 100px}\n.u-block-7005-32 {padding-top: 20px; padding-bottom: 20px; padding-left: 10px; padding-right: 10px}\n.u-block-7005-33 {margin-top: 10px; margin-left: 0px; margin-right: 0px; margin-bottom: 0px}\n.u-block-7005-34 {margin-top: 10px; margin-bottom: 10px; margin-left: 0px; margin-right: 0px}\n.u-block-7005-35 {min-height: 100px}\n.u-block-7005-36 {padding-top: 20px; padding-bottom: 20px; padding-left: 10px; padding-right: 10px}\n.u-block-7005-37 {margin-top: 10px; margin-left: 0px; margin-right: 0px; margin-bottom: 0px}\n.u-block-7005-38 {margin-top: 10px; margin-bottom: 10px; margin-left: 0px; margin-right: 0px}\n.u-block-7005-39 {height: 32px; min-height: 16px; width: 116px; min-width: 68px; margin-top: 10px; margin-left: auto; margin-right: auto; margin-bottom: 60px}\n.u-block-7005-40 {height: 100%}\n.u-block-7005-41 {height: 100%}\n.u-block-7005-42 {height: 100%} }</style><style data-mode=\"XS\" data-visited=\"true\">@media (max-width: 575px){ .u-block-7005-2 {min-height: 371px}\n.u-block-7005-3 {width: 128px; height: 128px; margin-top: 60px; margin-left: auto; margin-right: auto; margin-bottom: 0px}\n.u-block-7005-26 {width: 100%; height: 100%}\n.u-block-7005-4 {margin-top: 53.3908px; margin-bottom: 0px}\n.u-block-7005-5 {background-image: none; min-height: 100px}\n.u-block-7005-6 {padding-top: 20px; padding-bottom: 20px; padding-left: 10px; padding-right: 10px}\n.u-block-7005-7 {margin-top: 10px; margin-left: 0px; margin-right: 0px; margin-bottom: 0px}\n.u-block-7005-8 {margin-top: 10px; margin-bottom: 10px; margin-left: 0px; margin-right: 0px}\n.u-block-7005-27 {min-height: 100px}\n.u-block-7005-28 {padding-top: 20px; padding-bottom: 20px; padding-left: 10px; padding-right: 10px}\n.u-block-7005-29 {margin-top: 10px; margin-left: 0px; margin-right: 0px; margin-bottom: 0px}\n.u-block-7005-30 {margin-top: 10px; margin-bottom: 10px; margin-left: 0px; margin-right: 0px}\n.u-block-7005-31 {min-height: 100px}\n.u-block-7005-32 {padding-top: 20px; padding-bottom: 20px; padding-left: 10px; padding-right: 10px}\n.u-block-7005-33 {margin-top: 10px; margin-left: 0px; margin-right: 0px; margin-bottom: 0px}\n.u-block-7005-34 {margin-top: 10px; margin-bottom: 10px; margin-left: 0px; margin-right: 0px}\n.u-block-7005-35 {min-height: 100px}\n.u-block-7005-36 {padding-top: 20px; padding-bottom: 20px; padding-left: 10px; padding-right: 10px}\n.u-block-7005-37 {margin-top: 10px; margin-left: 0px; margin-right: 0px; margin-bottom: 0px}\n.u-block-7005-38 {margin-top: 10px; margin-bottom: 10px; margin-left: 0px; margin-right: 0px}\n.u-block-7005-39 {height: 32px; min-height: 16px; width: 116px; min-width: 68px; margin-top: 10px; margin-left: auto; margin-right: auto; margin-bottom: 60px}\n.u-block-7005-40 {height: 100%}\n.u-block-7005-41 {height: 100%}\n.u-block-7005-42 {height: 100%} }</style></section>","header":"<section class=\"u-clearfix u-header u-block-bc8d-1\" custom-posts-hash=\"[]\" data-style=\"header-imglogo-menu\" data-post-id=\"post11\" data-section-properties=\"{&quot;grid-spacing&quot;:&quot;0&quot;,&quot;align&quot;:&quot;left&quot;,&quot;stretch&quot;:true}\" id=\"sec-f27d\" data-source=\"\" data-id=\"bc8d\">\n  <div class=\"u-clearfix u-sheet u-valign-middle u-block-bc8d-2\">\n    \n    \n  <nav class=\"u-menu u-menu-one-level u-offcanvas u-block-bc8d-11\" data-responsive-from=\"MD\">\n      <div class=\"menu-collapse\" style=\"font-size: 1rem; letter-spacing: 0px; font-weight: 700;\">\n        <a class=\"u-button-style u-custom-active-border-color u-custom-border u-custom-border-color u-custom-borders u-custom-hover-border-color u-custom-left-right-menu-spacing u-custom-padding-bottom u-custom-text-active-color u-custom-text-color u-custom-text-hover-color u-custom-top-bottom-menu-spacing u-nav-link u-text-active-palette-1-base u-text-hover-palette-2-base u-text-palette-5-base\" href=\"#\"><svg class=\"u-svg-link\" viewBox=\"0 0 24 24\"><use xmlns:xlink=\"http://www.w3.org/1999/xlink\" xlink:href=\"#menu-hamburger\"></use></svg><svg class=\"u-svg-content\" version=\"1.1\" id=\"menu-hamburger\" viewBox=\"0 0 16 16\" x=\"0px\" y=\"0px\" xmlns:xlink=\"http://www.w3.org/1999/xlink\" xmlns=\"http://www.w3.org/2000/svg\">    <g>        <rect y=\"1\" width=\"16\" height=\"2\"></rect>        <rect y=\"7\" width=\"16\" height=\"2\"></rect>        <rect y=\"13\" width=\"16\" height=\"2\"></rect>    </g></svg></a>\n      </div>\n      <div class=\"u-custom-menu u-nav-container\">\n        <ul class=\"u-nav u-spacing-20 u-unstyled u-block-bc8d-18\"><li class=\"u-nav-item\"><a class=\"u-border-active-palette-3-base u-border-hover-grey-50 u-button-style u-nav-link u-text-active-palette-5-base u-text-grey-90 u-text-hover-palette-5-base\" href=\"/Home.html\" data-page-id=\"6113006\" style=\"padding: 10px;\">home</a><div class=\"fake u-nav-popup u-block-bc8d-19\"><ul class=\"u-h-spacing-20 u-nav u-unstyled u-v-spacing-10 u-block-bc8d-20\"><li class=\"u-nav-item\"><a class=\"u-button-style u-nav-link u-white\" href=\"#\">Menu Item1</a></li><li class=\"u-nav-item\"><a class=\"u-button-style u-nav-link u-white\" href=\"#\">Menu Item2</a></li><li class=\"u-nav-item\"><a class=\"u-button-style u-nav-link u-white\" href=\"#\">Menu Item3</a></li></ul></div></li><li class=\"u-nav-item\"><a class=\"u-border-active-palette-3-base u-border-hover-grey-50 u-button-style u-nav-link u-text-active-palette-5-base u-text-grey-90 u-text-hover-palette-5-base\" href=\"/Our-Product.html\" data-page-id=\"1672211\" style=\"padding: 10px;\">Our Products</a></li><li class=\"u-nav-item\"><a class=\"u-border-active-palette-3-base u-border-hover-grey-50 u-button-style u-nav-link u-text-active-palette-5-base u-text-grey-90 u-text-hover-palette-5-base\" href=\"/contact.html\" data-page-id=\"481224453\" style=\"padding: 10px;\">Contact Us</a></li><li class=\"u-nav-item\"><a class=\"u-border-active-palette-3-base u-border-hover-grey-50 u-button-style u-nav-link u-text-active-palette-5-base u-text-grey-90 u-text-hover-palette-5-base\" href=\"/login.html\" data-page-id=\"1680419518\" style=\"padding: 10px;\">Logout</a></li></ul>\n      </div>\n      <div class=\"u-custom-menu u-nav-container-collapse\">\n        <div class=\"u-black u-container-style u-inner-container-layout u-opacity u-opacity-95 u-sidenav u-block-bc8d-14\">\n          <div class=\"u-inner-container-layout u-sidenav-overflow\">\n            <div class=\"u-menu-close u-block-bc8d-15\"></div>\n            <ul class=\"u-align-center u-nav u-popupmenu-items u-unstyled u-block-bc8d-16\"><li class=\"u-nav-item\"><a class=\"u-button-style u-nav-link\" href=\"/Home.html\" data-page-id=\"6113006\">home</a><div class=\"fake u-nav-popup u-block-bc8d-21\"><ul class=\"u-h-spacing-20 u-nav u-unstyled u-v-spacing-10 u-block-bc8d-22\"><li class=\"u-nav-item\"><a class=\"u-button-style u-nav-link\" href=\"#\">Menu Item1</a></li><li class=\"u-nav-item\"><a class=\"u-button-style u-nav-link\" href=\"#\">Menu Item2</a></li><li class=\"u-nav-item\"><a class=\"u-button-style u-nav-link\" href=\"#\">Menu Item3</a></li></ul></div></li><li class=\"u-nav-item\"><a class=\"u-button-style u-nav-link\" href=\"/Our-Product.html\" data-page-id=\"1672211\">Our Products</a></li><li class=\"u-nav-item\"><a class=\"u-button-style u-nav-link\" href=\"/contact.html\" data-page-id=\"481224453\">Contact Us</a></li><li class=\"u-nav-item\"><a class=\"u-button-style u-nav-link\" href=\"/login.html\" data-page-id=\"1680419518\">Logout</a></li></ul>\n          </div>\n        </div>\n        <div class=\"u-black u-menu-overlay u-opacity u-opacity-70\"></div>\n      </div>\n    </nav><a href=\"https://nicepage.com\" class=\"u-align-left u-image u-logo u-block-bc8d-8\" data-brightness=\"\" data-image-width=\"481\" data-image-height=\"519\">\n      <img src=\"https://assets.nicepagecdn.com/1d801a40/6113005/images/sweet.png\" class=\"u-logo-image u-block-bc8d-10\">\n    </a></div>\n  <style data-mode=\"XL\">@media (min-width: 1200px){ .u-block-bc8d-1 {background-image: none}\n.u-block-bc8d-2 {min-height: 93px}\n.u-block-bc8d-11 {margin-top: 1px; margin-right: 0.2033px; margin-bottom: 0px; margin-left: auto}\n.u-block-bc8d-18 {font-weight: 700; font-size: 1rem; text-transform: none; letter-spacing: normal}\n.u-block-bc8d-16 {font-size: 1.25rem}\n.u-block-bc8d-8 {width: 85.264px; height: 92px; margin-top: -61.2501px; margin-right: auto; margin-bottom: -24.2502px; margin-left: 0px}\n.u-block-bc8d-10 {width: 100%; height: 100%} }</style>\n  <style data-mode=\"LG\">@media (max-width: 1199px) and (min-width: 992px){ .u-block-bc8d-1 {background-image: none}\n.u-block-bc8d-2 {min-height: 93px}\n.u-block-bc8d-11 {width: auto; margin-top: 1px; margin-right: 0px; margin-bottom: 0px; margin-left: auto}\n.u-block-bc8d-18 {font-size: 1rem; letter-spacing: normal; font-weight: 700; text-transform: none}\n.u-block-bc8d-16 {font-size: 1.25rem}\n.u-block-bc8d-8 {width: 85px; height: 92px; margin-top: -61px; margin-right: auto; margin-bottom: -24.2502px; margin-left: 0px}\n.u-block-bc8d-10 {width: 100%; height: 100%} }</style>\n  <style data-mode=\"MD\">@media (max-width: 991px) and (min-width: 768px){ .u-block-bc8d-1 {background-image: none}\n.u-block-bc8d-2 {min-height: 93px}\n.u-block-bc8d-11 {width: auto; margin-top: 1px; margin-right: 0px; margin-bottom: 0px; margin-left: auto}\n.u-block-bc8d-18 {font-size: 1rem; letter-spacing: normal; font-weight: 700; text-transform: none}\n.u-block-bc8d-16 {font-size: 1.25rem}\n.u-block-bc8d-8 {width: 85px; height: 92px; margin-top: -61px; margin-right: auto; margin-bottom: -24.2502px; margin-left: 0px}\n.u-block-bc8d-10 {width: 100%; height: 100%} }</style>\n  <style data-mode=\"SM\">@media (max-width: 767px) and (min-width: 576px){ .u-block-bc8d-1 {background-image: none}\n.u-block-bc8d-2 {min-height: 93px}\n.u-block-bc8d-11 {width: auto; margin-top: 1px; margin-right: 0px; margin-bottom: 0px; margin-left: auto}\n.u-block-bc8d-18 {font-size: 1rem; letter-spacing: normal; font-weight: 700; text-transform: none}\n.u-block-bc8d-16 {font-size: 1.25rem}\n.u-block-bc8d-8 {width: 85px; height: 92px; margin-top: -61px; margin-right: auto; margin-bottom: -24.2502px; margin-left: 0px}\n.u-block-bc8d-10 {width: 100%; height: 100%} }</style>\n  <style data-mode=\"XS\">@media (max-width: 575px){ .u-block-bc8d-1 {background-image: none}\n.u-block-bc8d-2 {min-height: 93px}\n.u-block-bc8d-11 {width: auto; margin-top: 1px; margin-right: 0px; margin-bottom: 0px; margin-left: auto}\n.u-block-bc8d-18 {font-size: 1rem; letter-spacing: normal; font-weight: 700; text-transform: none}\n.u-block-bc8d-16 {font-size: 1.25rem}\n.u-block-bc8d-8 {width: 85px; height: 92px; margin-top: -61px; margin-right: auto; margin-bottom: -24.2502px; margin-left: 0px}\n.u-block-bc8d-10 {width: 100%; height: 100%} }</style>\n</section>","id":6113005,"homePageId":6113006,"dialog":[{"id":"1","name":"Payment Popup","type":"payment","sectionAnchorId":"sec-9c37","html":"<section class=\"u-black u-clearfix u-container-style u-dialog-block u-dialog-open u-opacity u-opacity-70 u-payment-dialog u-valign-middle u-block-93df-1\" style=\"\" data-id=\"93df\" data-posts-content=\"[{'images':[],'maps':[],'videos':[],'icons':[{}],'textWidth':'','textHeight':'','id':1,'groupId':1,'headingProp':'h5','textProp':'text'},{'images':[],'maps':[],'videos':[],'icons':[],'textWidth':'','textHeight':'','id':2,'groupId':1,'headingProp':'h5','textProp':'text'}]\" custom-posts-hash=\"[T,T,T]\" data-style=\"payment-dialog\" id=\"sec-9c37\" data-source=\"Sketch\">\n  <div style=\"width: 570px; min-height: 578px; height: auto; box-shadow: 0px 0px 8px 0px rgba(var(--black-r),var(--black-g),var(--black-b),0.2); margin-top: 60px; margin-bottom: 60px; margin-left: auto; margin-right: auto\" class=\"u-align-center u-container-style u-dialog u-radius-25 u-shape-round u-white u-block-93df-2\">\n    <div class=\"u-container-layout u-valign-top u-block-93df-3\" style=\"padding-top: 34px; padding-bottom: 34px; padding-left: 35px; padding-right: 35px\">\n      <h5 class=\"u-align-left u-text u-block-93df-26\" style=\"font-weight: 700; margin-top: 0px; margin-right: 165.016px; margin-bottom: 0px; margin-left: 0px\">Buy Now</h5>\n      <div class=\"u-expanded-width u-products u-block-93df-5\" style=\"margin-top: 30px; margin-bottom: 0px\" data-site-sorting-prop=\"created\" data-site-sorting-order=\"desc\">\n        <div class=\"u-list-control\"></div>\n        <div class=\"u-repeater u-block-93df-6\" style=\"grid-template-columns: 100%; min-height: 206px; grid-gap: 10px\">\n          <div class=\"u-container-style u-products-item u-repeater-item u-block-93df-7\" style=\"\">\n            <div class=\"u-container-layout u-similar-container u-block-93df-8\" style=\"padding-top: 0px; padding-left: 0px; padding-right: 0px; padding-bottom: 30px\">\n              <h5 class=\"u-align-left u-product-control u-text u-block-93df-27\" style=\"background-image: none; margin-top: 0px; margin-bottom: 0px; margin-left: 0px; margin-right: 0px\">\n                <a class=\"u-product-title-link\" href=\"#\">Product 1 Title</a>\n              </h5>\n              <div class=\"u-align-left u-product-control u-product-desc u-text u-block-93df-29\" style=\"font-size: 0.875rem; margin-top: 20px; margin-left: 0px; margin-right: 0px; margin-bottom: 0px\">\n                <p>Sample text. Lorem ipsum dolor sit amet, consectetur adipiscing elit nullam nunc justo sagittis suscipit ultrices.</p>\n              </div>\n              <div class=\"u-align-left u-product-control u-product-quantity u-block-93df-35\" style=\"width: 125px; margin-top: 30px; margin-right: auto; margin-bottom: 0px; margin-left: 0px\">\n                <div class=\"u-hidden u-quantity-label\">Quantity</div>\n                <div class=\"u-border-1 u-border-grey-30 u-quantity-input u-radius-50\">\n                  <a class=\"disabled minus u-button-style u-quantity-button u-text-body-color\">\n                    <svg xmlns=\"http://www.w3.org/2000/svg\" viewBox=\"0 0 16 16\"><path d=\"m 4 8 h 8\" fill=\"none\" stroke=\"currentColor\" stroke-width=\"1\" fill-rule=\"evenodd\"></path></svg>\n                  </a>\n                  <input class=\"u-input u-block-93df-36\" type=\"text\" value=\"1\" pattern=\"[0-9]+\" style=\"\">\n                  <a class=\"plus u-button-style u-quantity-button u-text-body-color\">\n                    <svg xmlns=\"http://www.w3.org/2000/svg\" viewBox=\"0 0 16 16\"><path d=\"m 4 8 h 8 M 8 4 v 8\" fill=\"none\" stroke=\"currentColor\" stroke-width=\"1\" fill-rule=\"evenodd\"></path></svg>\n                  </a>\n                </div>\n              </div>\n              <div data-add-zero-cents=\"true\" class=\"u-align-left u-product-control u-product-price u-block-93df-12\" style=\"margin-top: -34px; margin-right: 0px; margin-bottom: 0px; margin-left: auto\">\n                <div class=\"u-price-wrapper u-spacing-10\">\n                  <div class=\"u-old-price\" style=\"text-decoration: line-through !important;\">$20</div>\n                  <div class=\"u-price\" style=\"font-size: 1.25rem; font-weight: 700;\">$17</div>\n                </div>\n              </div>\n            </div>\n          </div>\n        </div>\n        <div class=\"u-list-control\"></div>\n      </div>\n      <div class=\"u-expanded-width u-payment-services u-tab-links-align-justify u-tab-payment u-tab-vertical u-tabs u-block-93df-38\" data-payment-order-approved-message=\"Your order has been approved. Thank you!\" data-payment-order-cancelled-message=\"Unable to process your order. Please try again later.\" style=\"min-height: 250px; min-width: 50px; margin-top: 0px; margin-bottom: 0px; margin-left: 0px; margin-right: 0px\">\n        <ul class=\"u-tab-list u-unstyled u-block-93df-39\" role=\"tablist\" style=\"\">\n          <li class=\"u-tab-item u-block-93df-40\" role=\"presentation\" style=\"\">\n            <a class=\"active u-active-grey-10 u-button-style u-payment-paypal u-tab-link u-text-body-color u-block-93df-41\" id=\"link-tab-9cb3\" href=\"#tab-9cb3\" role=\"tab\" aria-controls=\"tab-9cb3\" aria-selected=\"true\" style=\"\">\n              <input type=\"radio\" class=\"u-field-input u-grey-15 u-radius-15\" name=\"payment-group\" checked=\"checked\">\n              <span>Paypal</span>\n              <svg class=\"u-svg-content\" xmlns=\"http://www.w3.org/2000/svg\" x=\"0px\" y=\"0px\"><path fill=\"#009EE3\" d=\"M11,5.9H18c3.8,0,5.2,1.9,4.9,4.7c-0.3,4.7-3.2,7.2-6.9,7.2h-1.9c-0.5,0-0.8,0.3-0.9,1.3l-0.8,4.3\n  c-0.1,0.3-0.2,0.5-0.5,0.6H7.6c-0.4,0-0.5-0.3-0.4-1l2.6-16C9.9,6.3,10.2,5.9,11,5.9z\"></path><path fill=\"#113984\" d=\"M6.7,0h7.1c2,0,4.3,0.1,5.9,1.5c1.1,0.9,1.6,2.4,1.5,4c-0.4,5.4-3.7,8.5-8,8.5H9.6c-0.6,0-0.9,0.4-1.2,1.5\n  l-0.9,5.1C7.4,21,7.3,21.3,7,21.3H2.6C2,21.3,1.9,21,2,20.1L5.2,1.3C5.3,0.4,5.7,0,6.7,0z\"></path><path fill=\"#172C70\" d=\"M8.6,14.8l1.3-7.9c0.1-0.7,0.5-1,1.3-1h7.1c1.2,0,2.1,0.2,2.8,0.5c-0.7,4.8-3.8,7.5-7.9,7.5H9.6\n  C9.1,13.9,8.8,14.1,8.6,14.8z\"></path></svg>\n            </a>\n          </li>\n          <li class=\"u-tab-item u-block-93df-42\" role=\"presentation\" style=\"\">\n            <a class=\"u-active-grey-10 u-button-style u-payment-stripe u-tab-link u-text-body-color u-block-93df-43\" id=\"link-tab-ab80\" href=\"#tab-ab80\" role=\"tab\" aria-controls=\"tab-ab80\" aria-selected=\"false\" style=\"\">\n              <input type=\"radio\" class=\"u-field-input u-grey-15 u-radius-15\" name=\"payment-group\">\n              <span>Stripe</span>\n              <svg class=\"u-svg-content\" xmlns=\"http://www.w3.org/2000/svg\" x=\"0px\" y=\"0px\" viewBox=\"0 0 24 24\"><path fill=\"#635BFF\" d=\"M14,9.2c-2.3-0.8-3.4-1.5-3.4-2.4c0-0.8,0.8-1.3,2-1.3c2.3,0,4.7,0.8,6.4,1.6l0.9-5.5\n  c-1.3-0.5-4-1.6-7.7-1.6C9.6,0,7.5,0.7,5.8,1.9C4.1,3.2,3.4,4.9,3.4,7.2c0,4,2.6,5.7,6.8,7.2c2.7,0.9,3.6,1.6,3.6,2.5\n  c0,0.9-0.9,1.6-2.4,1.6c-1.9,0-5.2-0.9-7.3-2.1L3,22c1.8,0.9,5.1,2,8.7,2c2.8,0,5.1-0.7,6.6-1.9c1.8-1.3,2.7-3.2,2.7-5.7\n  C20.9,12.3,18.2,10.7,14,9.2L14,9.2z\"></path></svg>\n            </a>\n          </li>\n        </ul>\n        <div class=\"u-tab-content u-block-93df-44\" style=\"\">\n          <div class=\"u-container-style u-payment-paypal u-tab-active u-tab-pane u-block-93df-45\" id=\"tab-9cb3\" role=\"tabpanel\" aria-labelledby=\"link-tab-9cb3\" style=\"\">\n            <div class=\"u-container-layout u-payment-services-inner u-block-93df-46\" style=\"padding-top: 20px; padding-right: 0; padding-bottom: 0; padding-left: 0\" data-payment-loading-message=\"Loading...\">Here you will see the payment buttons on the live website.</div>\n          </div>\n          <div class=\"u-container-style u-payment-stripe u-tab-pane u-block-93df-47\" id=\"tab-ab80\" role=\"tabpanel\" aria-labelledby=\"link-tab-ab80\" style=\"\">\n            <div class=\"u-container-layout u-block-93df-48\" style=\"padding-top: 20px; padding-right: 0; padding-bottom: 0; padding-left: 0\">\n              <a href=\"#\" class=\"u-btn u-button-style u-stripe-button u-block-93df-49\" style=\"width: 100%; margin-top: 0; margin-bottom: 0; margin-left: auto; margin-right: auto\">Pay with Stripe</a>\n            </div>\n          </div>\n        </div>\n      </div>\n    </div><button class=\"u-dialog-close-button u-icon u-text-grey-40 u-block-93df-4\" style=\"width: 20.0939px; height: 20.0939px; left: auto; top: 35.9532px; position: absolute; right: 35px; padding-top: 0px; padding-bottom: 0px; padding-left: 0px; padding-right: 0px\"><svg class=\"u-svg-link\" preserveAspectRatio=\"xMidYMin slice\" viewBox=\"0 0 16 16\" style=\"\"><use xmlns:xlink=\"http://www.w3.org/1999/xlink\" xlink:href=\"#svg-efe9\"></use></svg><svg xmlns=\"http://www.w3.org/2000/svg\" xmlns:xlink=\"http://www.w3.org/1999/xlink\" version=\"1.1\" xml:space=\"preserve\" class=\"u-svg-content\" viewBox=\"0 0 16 16\" x=\"0px\" y=\"0px\" id=\"svg-efe9\"><rect x=\"7\" y=\"0\" transform=\"matrix(0.7071 -0.7071 0.7071 0.7071 -3.3138 8.0002)\" width=\"2\" height=\"16\"></rect><rect x=\"0\" y=\"7\" transform=\"matrix(0.7071 -0.7071 0.7071 0.7071 -3.3138 8.0002)\" width=\"16\" height=\"2\"></rect></svg></button>\n  </div>\n  <style data-mode=\"XL\" data-visited=\"true\">@media (max-width: 0px) { .u-block-93df-2 {width: 570px; min-height: 578px; height: auto; box-shadow: 0px 0px 8px 0px rgba(var(--black-r),var(--black-g),var(--black-b),0.2); margin-top: 60px; margin-bottom: 60px; margin-left: auto; margin-right: auto}\n.u-block-93df-3 {padding-top: 34px; padding-bottom: 34px; padding-left: 35px; padding-right: 35px}\n.u-block-93df-26 {font-weight: 700; margin-top: 0px; margin-right: 165.016px; margin-bottom: 0px; margin-left: 0px}\n.u-block-93df-5 {margin-top: 30px; margin-bottom: 0px}\n.u-block-93df-6 {grid-template-columns: 100%; min-height: 206px; grid-gap: 10px}\n.u-block-93df-8 {padding-top: 0px; padding-left: 0px; padding-right: 0px; padding-bottom: 30px}\n.u-block-93df-27 {background-image: none; margin-top: 0px; margin-bottom: 0px; margin-left: 0px; margin-right: 0px}\n.u-block-93df-29 {font-size: 0.875rem; margin-top: 20px; margin-left: 0px; margin-right: 0px; margin-bottom: 0px}\n.u-block-93df-35 {width: 125px; margin-top: 30px; margin-right: auto; margin-bottom: 0px; margin-left: 0px}\n.u-block-93df-12 {margin-top: -34px; margin-right: 0px; margin-bottom: 0px; margin-left: auto}\n.u-block-93df-38 {min-height: 250px; min-width: 50px; margin-top: 0px; margin-bottom: 0px; margin-left: 0px; margin-right: 0px}\n.u-block-93df-46 {padding-top: 20px; padding-right: 0; padding-bottom: 0; padding-left: 0}\n.u-block-93df-48 {padding-top: 20px; padding-right: 0; padding-bottom: 0; padding-left: 0}\n.u-block-93df-49 {width: 100%; margin-top: 0; margin-bottom: 0; margin-left: auto; margin-right: auto}\n.u-block-93df-4 {width: 20.0939px; height: 20.0939px; left: auto; top: 35.9532px; position: absolute; right: 35px; padding-top: 0px; padding-bottom: 0px; padding-left: 0px; padding-right: 0px} }</style>\n  <style data-mode=\"LG\" data-visited=\"true\">@media (max-width: 0px) { .u-block-93df-2 {box-shadow: 0px 0px 8px 0px rgba(var(--black-r),var(--black-g),var(--black-b),0.2); width: 570px; height: auto; margin-top: 60px; margin-left: auto; margin-right: auto; margin-bottom: 60px; min-height: 578px}\n.u-block-93df-3 {padding-top: 34px; padding-bottom: 34px; padding-left: 35px; padding-right: 35px}\n.u-block-93df-26 {font-weight: 700; margin-top: 0px; margin-right: 165px; margin-bottom: 0px; margin-left: 0px}\n.u-block-93df-5 {margin-top: 30px; margin-bottom: 0px}\n.u-block-93df-6 {grid-template-columns: 100%; min-height: 206px; grid-gap: 10px}\n.u-block-93df-8 {padding-top: 0px; padding-left: 0px; padding-right: 0px; padding-bottom: 30px}\n.u-block-93df-27 {background-image: none; margin-top: 0px; margin-bottom: 0px; margin-left: 0px; margin-right: 0px}\n.u-block-93df-29 {font-size: 0.875rem; margin-top: 20px; margin-left: 0px; margin-right: 0px; margin-bottom: 0px}\n.u-block-93df-35 {width: 125px; margin-top: 30px; margin-right: auto; margin-bottom: 0px; margin-left: 0px}\n.u-block-93df-12 {margin-top: -34px; margin-right: 0px; margin-bottom: 0px; margin-left: auto}\n.u-block-93df-38 {min-height: 250px; min-width: 50px; margin-top: 0px; margin-bottom: 0px}\n.u-block-93df-46 {padding-top: 20px; padding-bottom: 0; padding-left: 0; padding-right: 0}\n.u-block-93df-48 {padding-top: 20px; padding-bottom: 0; padding-left: 0; padding-right: 0}\n.u-block-93df-49 {width: 100%; margin-top: 0; margin-bottom: 0; margin-left: auto; margin-right: auto}\n.u-block-93df-4 {width: 20.0939px; height: 20.0939px; left: auto; top: 35.9532px; position: absolute; right: 35px; padding-top: 0px; padding-bottom: 0px; padding-left: 0px; padding-right: 0px} }</style>\n  <style data-mode=\"MD\" data-visited=\"true\">@media (max-width: 0px) { .u-block-93df-2 {box-shadow: 0px 0px 8px 0px rgba(var(--black-r),var(--black-g),var(--black-b),0.2); width: 570px; height: auto; margin-top: 60px; margin-left: auto; margin-right: auto; margin-bottom: 60px; min-height: 578px}\n.u-block-93df-3 {padding-top: 30px; padding-bottom: 30px; padding-left: 30px; padding-right: 30px}\n.u-block-93df-26 {font-weight: 700; margin-top: 0px; margin-right: 165px; margin-bottom: 0px; margin-left: 0px}\n.u-block-93df-5 {margin-top: 30px; margin-bottom: 0px}\n.u-block-93df-6 {grid-template-columns: 100%; min-height: 206px; grid-gap: 10px}\n.u-block-93df-8 {padding-top: 0px; padding-left: 0px; padding-right: 0px; padding-bottom: 30px}\n.u-block-93df-27 {background-image: none; margin-top: 0px; margin-bottom: 0px; margin-left: 0px; margin-right: 0px}\n.u-block-93df-29 {font-size: 0.875rem; margin-top: 20px; margin-left: 0px; margin-right: 0px; margin-bottom: 0px}\n.u-block-93df-35 {width: 125px; margin-top: 30px; margin-right: auto; margin-bottom: 0px; margin-left: 0px}\n.u-block-93df-12 {margin-top: -34px; margin-right: 0px; margin-bottom: 0px; margin-left: auto}\n.u-block-93df-38 {min-height: 250px; min-width: 50px; margin-top: 0px; margin-bottom: 0px}\n.u-block-93df-46 {padding-top: 20px; padding-bottom: 0px; padding-left: 0px; padding-right: 0px}\n.u-block-93df-48 {padding-top: 20px; padding-bottom: 0px; padding-left: 0px; padding-right: 0px}\n.u-block-93df-49 {width: 100%; margin-top: 0; margin-bottom: 0; margin-left: auto; margin-right: auto}\n.u-block-93df-4 {width: 20.0939px; height: 20.0939px; left: auto; top: 31.9532px; position: absolute; right: 30px; padding-top: 0px; padding-bottom: 0px; padding-left: 0px; padding-right: 0px} }</style>\n  <style data-mode=\"SM\" data-visited=\"true\">@media (max-width: 0px) { .u-block-93df-2 {box-shadow: 0px 0px 8px 0px rgba(var(--black-r),var(--black-g),var(--black-b),0.2); width: 540px; height: auto; margin-top: 60px; margin-left: auto; margin-right: auto; margin-bottom: 60px; min-height: 578px}\n.u-block-93df-3 {padding-top: 30px; padding-bottom: 30px; padding-left: 30px; padding-right: 30px}\n.u-block-93df-26 {font-weight: 700; margin-top: 0px; margin-right: 165px; margin-bottom: 0px; margin-left: 0px}\n.u-block-93df-5 {margin-top: 30px; margin-bottom: 0px}\n.u-block-93df-6 {grid-template-columns: 100%; min-height: 206px; grid-gap: 10px}\n.u-block-93df-8 {padding-top: 0px; padding-left: 0px; padding-right: 0px; padding-bottom: 30px}\n.u-block-93df-27 {background-image: none; margin-top: 0px; margin-bottom: 0px; margin-left: 0px; margin-right: 0px}\n.u-block-93df-29 {font-size: 0.875rem; margin-top: 20px; margin-left: 0px; margin-right: 0px; margin-bottom: 0px}\n.u-block-93df-35 {width: 125px; margin-top: 30px; margin-right: auto; margin-bottom: 0px; margin-left: 0px}\n.u-block-93df-12 {margin-top: -34px; margin-right: 0px; margin-bottom: 0px; margin-left: auto}\n.u-block-93df-38 {min-height: 250px; min-width: 50px; margin-top: 0px; margin-bottom: 0px}\n.u-block-93df-46 {padding-top: 20px; padding-bottom: 0px; padding-left: 0px; padding-right: 0px}\n.u-block-93df-48 {padding-top: 20px; padding-bottom: 0px; padding-left: 0px; padding-right: 0px}\n.u-block-93df-49 {width: 100%; margin-top: 0; margin-bottom: 0; margin-left: auto; margin-right: auto}\n.u-block-93df-4 {width: 20.0939px; height: 20.0939px; left: auto; top: 31.9532px; position: absolute; right: 30px; padding-top: 0px; padding-bottom: 0px; padding-left: 0px; padding-right: 0px} }</style>\n  <style data-mode=\"XS\" data-visited=\"true\">@media (max-width: 0px) { .u-block-93df-2 {box-shadow: 0px 0px 8px 0px rgba(var(--black-r),var(--black-g),var(--black-b),0.2); width: 340px; height: auto; margin-top: 60px; margin-left: auto; margin-right: auto; margin-bottom: 60px; min-height: 578px}\n.u-block-93df-3 {padding-top: 30px; padding-bottom: 30px; padding-left: 20px; padding-right: 20px}\n.u-block-93df-26 {font-weight: 700; margin-top: 0px; margin-right: 5px; margin-bottom: 0px; margin-left: 0px}\n.u-block-93df-5 {margin-top: 30px; margin-bottom: 0px}\n.u-block-93df-6 {grid-template-columns: 100%; min-height: 206px; grid-gap: 10px}\n.u-block-93df-8 {padding-top: 0px; padding-left: 0px; padding-right: 0px; padding-bottom: 30px}\n.u-block-93df-27 {background-image: none; margin-top: 0px; margin-bottom: 0px; margin-left: 0px; margin-right: 0px}\n.u-block-93df-29 {font-size: 0.875rem; margin-top: 20px; margin-left: 0px; margin-right: 0px; margin-bottom: 0px}\n.u-block-93df-35 {width: 125px; margin-top: 30px; margin-right: auto; margin-bottom: 0px; margin-left: 0px}\n.u-block-93df-12 {margin-top: -34px; margin-right: 0px; margin-bottom: 0px; margin-left: auto}\n.u-block-93df-38 {min-height: 250px; min-width: 50px; margin-top: 0px; margin-bottom: 0px}\n.u-block-93df-46 {padding-top: 20px; padding-bottom: 0px; padding-left: 0px; padding-right: 0px}\n.u-block-93df-48 {padding-top: 20px; padding-bottom: 0px; padding-left: 0px; padding-right: 0px}\n.u-block-93df-49 {width: 100%; margin-top: 0; margin-bottom: 0; margin-left: auto; margin-right: auto}\n.u-block-93df-4 {width: 20.0939px; height: 20.0939px; left: auto; top: 31.9532px; position: absolute; right: 20px; padding-top: 0px; padding-bottom: 0px; padding-left: 0px; padding-right: 0px} }</style>\n</section>","showOn":"click","showOnList":[]}]}